id,first_name,last_name,email,gender,single,sons,height,birthdate
1,Yves,McDarmid,ymcdarmid0@disqus.com,Male,false,7,1.28,6/20/2022
2,Ody,Rice,orice1@yellowbook.com,Male,true,6,1.94,1/20/2023
3,Pepita,Spindler,pspindler2@a8.net,Polygender,true,3,1.71,7/3/2022
4,Tanney,Woollhead,twoollhead3@unesco.org,Male,false,15,1.83,4/19/2022
5,Cindy,Fraczkiewicz,cfraczkiewicz4@mlb.com,Genderqueer,true,1,1.8,8/24/2022
6,Martguerita,Antoons,mantoons5@noaa.gov,Female,true,15,1.26,1/12/2022
7,Emmy,Huggons,ehuggons6@bloglovin.com,Female,true,10,1.17,7/5/2022
8,Rudolph,Shippard,rshippard7@npr.org,Male,true,4,1.8,4/2/2022
9,Beltran,Butt Gow,bbuttgow8@wordpress.org,Male,false,1,1.8,11/27/2022
10,Roselin,De Fries,rdefries9@google.com,Female,false,8,1.92,7/22/2022
11,Daphne,Linnell,dlinnella@github.io,Female,true,1,1.91,9/19/2022
12,Gwenora,Rimes,grimesb@hostgator.com,Female,false,10,1.04,3/28/2023
13,Winslow,Malter,wmalterc@oracle.com,Male,false,5,1.85,3/8/2022
14,Micky,Lidster,mlidsterd@apache.org,Female,true,12,1.64,1/20/2023
15,Kittie,Wimlet,kwimlete@github.com,Female,false,12,1.51,2/16/2022
16,Stevie,Nickolls,snickollsf@globo.com,Male,true,10,1.05,3/19/2022
17,Annemarie,Gusney,agusneyg@g.co,Female,true,8,1.66,1/8/2023
18,Flor,Dulinty,fdulintyh@com.com,Female,true,13,1.67,7/27/2022
19,Bobina,Iacofo,biacofoi@baidu.com,Bigender,true,5,1.67,4/27/2022
20,Batsheva,Harkess,bharkessj@marriott.com,Agender,true,11,1.51,2/16/2023
21,Vachel,Leppington,vleppingtonk@netvibes.com,Male,false,6,1.66,7/9/2022
22,Quintus,MacKimmie,qmackimmiel@photobucket.com,Male,false,8,1.42,2/16/2022
23,Warren,Lelievre,wlelievrem@berkeley.edu,Agender,false,4,1.1,10/18/2022
24,Braden,Elliston,bellistonn@miibeian.gov.cn,Male,true,10,1.78,11/4/2022
25,Rycca,Le Blond,rleblondo@spiegel.de,Female,false,6,1.69,5/28/2022
26,Lowe,Pree,lpreep@reverbnation.com,Male,true,10,1.92,9/26/2022
27,Letty,Kuscha,lkuschaq@odnoklassniki.ru,Female,false,1,1.61,4/29/2022
28,Kaila,Spinney,kspinneyr@xrea.com,Female,true,8,1.55,10/23/2022
29,Celinka,Exall,cexalls@wikipedia.org,Female,false,4,1.48,8/10/2022
30,Rollo,Roman,rromant@answers.com,Male,false,6,1.34,9/8/2022
31,Gisella,Shird,gshirdu@cmu.edu,Female,true,5,1.48,2/17/2022
32,Angela,Korb,akorbv@adobe.com,Female,true,13,1.87,2/5/2022
33,Meggie,Toland,mtolandw@fotki.com,Female,false,10,1.57,12/3/2022
34,Gerardo,Pleass,gpleassx@gov.uk,Male,true,0,1.04,3/13/2022
35,Vasily,Coverlyn,vcoverlyny@time.com,Male,true,9,1.56,5/21/2022
36,Estel,Seleway,eselewayz@usda.gov,Female,false,11,1.59,10/16/2022
37,Sonny,Ruller,sruller10@state.tx.us,Male,false,9,1.83,1/29/2022
38,Clarine,Gillingham,cgillingham11@hatena.ne.jp,Female,true,0,1.6,8/22/2022
39,Fred,Stiegar,fstiegar12@mtv.com,Male,true,6,1.45,6/4/2022
40,Christel,Marran,cmarran13@smh.com.au,Female,true,10,1.79,9/27/2022
41,Cyb,Risborough,crisborough14@soup.io,Female,false,13,1.17,8/13/2022
42,Rees,Jennick,rjennick15@de.vu,Genderfluid,true,7,1.56,9/12/2022
43,Haley,Gymlett,hgymlett16@admin.ch,Male,false,15,1.25,1/26/2022
44,Jerald,Colwill,jcolwill17@networkadvertising.org,Male,true,1,1.07,2/1/2022
45,Alberik,Tanslie,atanslie18@hp.com,Male,false,1,1.28,2/10/2022
46,Gertruda,Bevar,gbevar19@addthis.com,Female,true,14,1.65,2/8/2023
47,Clare,Yurinov,cyurinov1a@reuters.com,Male,false,13,1.15,1/4/2022
48,Dion,Ruffle,druffle1b@tumblr.com,Agender,true,4,1.13,9/13/2022
49,Vikki,Tordoff,vtordoff1c@squarespace.com,Female,false,2,1.91,5/10/2022
50,Farlie,Eckley,feckley1d@google.pl,Male,true,12,1.29,5/27/2022
51,Almira,Cudbertson,acudbertson1e@sitemeter.com,Genderqueer,true,15,1.64,3/24/2022
52,Flori,Brea,fbrea1f@time.com,Female,false,7,1.77,2/15/2022
53,Halie,Dolden,hdolden1g@fastcompany.com,Female,true,10,1.54,2/24/2023
54,Taddeusz,Axcel,taxcel1h@miitbeian.gov.cn,Bigender,false,0,1.54,4/10/2022
55,Conney,Klimashevich,cklimashevich1i@nationalgeographic.com,Male,true,8,1.96,2/28/2023
56,Christa,Trenoweth,ctrenoweth1j@ox.ac.uk,Female,true,3,1.66,1/23/2023
57,Genna,Ivakhno,givakhno1k@i2i.jp,Female,false,11,1.4,11/18/2022
58,Vivyanne,Gipp,vgipp1l@reddit.com,Female,false,6,1.88,7/2/2022
59,Ashley,Karadzas,akaradzas1m@msn.com,Female,true,5,1.5,12/13/2022
60,Ax,Lefeaver,alefeaver1n@hexun.com,Male,false,2,2.0,5/21/2022
61,Marcia,Tunder,mtunder1o@nps.gov,Female,true,4,1.38,7/19/2022
62,Brock,Harsum,bharsum1p@alibaba.com,Male,false,5,1.62,10/11/2022
63,Selene,Macconaghy,smacconaghy1q@jalbum.net,Female,false,13,1.2,3/4/2022
64,Rowland,Fabbri,rfabbri1r@storify.com,Male,false,9,1.94,10/3/2022
65,Maurene,Gay,mgay1s@sina.com.cn,Female,true,6,1.18,8/15/2022
66,Valaria,Hunte,vhunte1t@ucsd.edu,Genderqueer,false,11,1.83,5/5/2022
67,Arvie,Rubie,arubie1u@google.ru,Male,true,3,1.64,3/18/2022
68,Celesta,Oswal,coswal1v@walmart.com,Female,false,7,1.55,3/6/2022
69,Caro,Treweela,ctreweela1w@si.edu,Female,false,9,1.28,9/21/2022
70,Noelyn,Hubbard,nhubbard1x@aol.com,Female,true,7,1.05,7/16/2022
71,Sanderson,Geall,sgeall1y@goo.gl,Male,false,3,1.04,12/26/2022
72,Riordan,Baddoe,rbaddoe1z@joomla.org,Bigender,false,7,1.47,7/10/2022
73,Farlee,Blunderfield,fblunderfield20@etsy.com,Male,true,1,1.09,12/8/2022
74,Thomas,Tight,ttight21@newsvine.com,Male,true,12,1.98,1/20/2023
75,Bartolemo,Hlavecek,bhlavecek22@surveymonkey.com,Male,false,5,1.98,11/12/2022
76,Clywd,Saylor,csaylor23@netlog.com,Male,true,11,1.42,10/5/2022
77,Geneva,Domel,gdomel24@dell.com,Agender,false,5,1.46,1/24/2023
78,Skipton,Belfrage,sbelfrage25@wikimedia.org,Male,true,5,1.13,11/13/2022
79,Ira,Coleborn,icoleborn26@nymag.com,Male,false,10,1.91,1/22/2022
80,Brose,Fremantle,bfremantle27@wp.com,Male,false,7,1.35,9/7/2022
81,Sula,Stockle,sstockle28@vk.com,Female,true,1,1.66,9/9/2022
82,Melli,Adriani,madriani29@youtu.be,Female,true,14,1.7,6/24/2022
83,Daisy,Greenmon,dgreenmon2a@example.com,Female,false,13,1.96,12/13/2022
84,Malorie,Bendell,mbendell2b@economist.com,Female,false,8,1.87,9/3/2022
85,Humfrey,Crickett,hcrickett2c@uiuc.edu,Male,false,10,1.32,5/6/2022
86,Law,Fairlaw,lfairlaw2d@webmd.com,Male,false,15,1.57,3/8/2022
87,Ransom,Tanton,rtanton2e@state.gov,Male,true,7,1.68,3/13/2022
88,Karmen,Dracksford,kdracksford2f@merriam-webster.com,Female,false,13,1.82,2/12/2023
89,Debi,Oxbrow,doxbrow2g@apple.com,Female,true,13,1.62,9/12/2022
90,Sherlocke,Heinert,sheinert2h@ed.gov,Genderqueer,true,12,1.26,12/21/2022
91,Sela,Whebell,swhebell2i@ehow.com,Agender,true,2,1.53,2/22/2023
92,Archie,Bache,abache2j@ed.gov,Bigender,false,7,1.81,6/18/2022
93,Damian,Mintram,dmintram2k@jugem.jp,Male,true,13,1.24,6/27/2022
94,Elvina,Serris,eserris2l@typepad.com,Female,true,11,1.42,5/14/2022
95,Lonee,Beagles,lbeagles2m@ehow.com,Female,true,13,1.68,1/14/2022
96,Sylas,Everall,severall2n@cargocollective.com,Male,true,13,1.92,1/24/2023
97,Lyssa,Rathe,lrathe2o@about.me,Female,true,14,1.4,10/17/2022
98,Emilio,Burnhill,eburnhill2p@addthis.com,Male,false,2,1.17,9/9/2022
99,Chaim,Pauleau,cpauleau2q@mlb.com,Polygender,false,11,1.41,3/11/2023
100,Saul,Riglesford,sriglesford2r@slideshare.net,Male,true,8,1.79,1/31/2022
101,Rodolphe,Embury,rembury2s@shinystat.com,Male,false,9,1.85,2/20/2023
102,Charmaine,Leaf,cleaf2t@surveymonkey.com,Non-binary,true,12,1.93,12/28/2022
103,Richy,Braznell,rbraznell2u@flickr.com,Male,true,13,1.27,3/1/2022
104,Elijah,Fontenot,efontenot2v@oaic.gov.au,Male,true,3,1.47,1/4/2023
105,Hartley,Gregore,hgregore2w@blogspot.com,Male,false,2,1.82,5/4/2022
106,Jean,Mc Menamin,jmcmenamin2x@admin.ch,Male,false,3,1.1,2/6/2022
107,Zebulon,Helks,zhelks2y@bloglovin.com,Male,false,3,1.55,9/16/2022
108,Karleen,Ast,kast2z@comsenz.com,Female,true,9,1.14,1/19/2023
109,Daisey,Littlejohns,dlittlejohns30@kickstarter.com,Female,true,15,1.2,11/28/2022
110,Nickie,Vandrill,nvandrill31@theglobeandmail.com,Male,false,0,1.75,11/3/2022
111,Perri,Entwisle,pentwisle32@gnu.org,Female,true,8,1.16,6/26/2022
112,Cherilyn,Applin,capplin33@merriam-webster.com,Female,true,7,1.49,11/3/2022
113,Kimball,Cardello,kcardello34@ifeng.com,Male,false,4,1.09,2/4/2022
114,Daisie,Oattes,doattes35@google.de,Female,true,9,1.48,5/25/2022
115,Guilbert,Cosford,gcosford36@youtu.be,Male,true,11,1.41,12/30/2022
116,Clemmie,Moxon,cmoxon37@a8.net,Male,false,14,1.88,1/30/2022
117,Virgina,Lapping,vlapping38@nature.com,Non-binary,true,4,1.72,6/27/2022
118,Wilbert,Gammidge,wgammidge39@microsoft.com,Male,false,2,1.09,8/28/2022
119,Kimmi,Faux,kfaux3a@ehow.com,Female,true,10,1.12,11/16/2022
120,Minor,Loadwick,mloadwick3b@domainmarket.com,Male,true,10,1.92,5/12/2022
121,Bobette,Ambrodi,bambrodi3c@weather.com,Female,false,11,1.4,10/10/2022
122,Winnie,Garfit,wgarfit3d@rambler.ru,Female,true,13,1.42,11/14/2022
123,Pepi,Sargint,psargint3e@statcounter.com,Female,true,11,1.19,2/20/2022
124,Cleveland,De Ruel,cderuel3f@amazon.co.uk,Male,false,7,1.69,6/1/2022
125,Felike,Chatteris,fchatteris3g@ed.gov,Male,true,4,1.65,9/3/2022
126,Rosita,Roydon,rroydon3h@dagondesign.com,Female,false,13,1.37,6/1/2022
127,Antoinette,Tills,atills3i@myspace.com,Female,true,3,1.76,2/15/2023
128,Cammy,Spencer,cspencer3j@mediafire.com,Female,true,4,1.67,11/29/2022
129,Alec,Fayter,afayter3k@dailymail.co.uk,Male,false,10,1.09,8/30/2022
130,Mollee,Rush,mrush3l@amazon.com,Female,true,9,1.47,1/27/2022
131,Silvana,Lowdham,slowdham3m@ow.ly,Female,false,4,1.01,11/24/2022
132,Peyter,Thorley,pthorley3n@unicef.org,Male,false,4,1.9,1/22/2023
133,Gustave,Oldfield,goldfield3o@cafepress.com,Male,false,2,1.77,7/23/2022
134,Adi,Satterthwaite,asatterthwaite3p@pen.io,Agender,false,14,1.4,11/23/2022
135,Nichole,Wiltshire,nwiltshire3q@timesonline.co.uk,Polygender,false,0,1.02,10/2/2022
136,Elberta,Chavrin,echavrin3r@smugmug.com,Female,false,14,1.18,1/19/2022
137,Elyssa,Munt,emunt3s@eepurl.com,Female,false,3,1.94,4/9/2022
138,Rosalinda,Shawyer,rshawyer3t@cafepress.com,Female,true,13,1.81,2/17/2022
139,Fifine,Jeremiah,fjeremiah3u@taobao.com,Female,false,9,1.89,8/21/2022
140,Maighdiln,Harget,mharget3v@creativecommons.org,Female,true,4,1.58,5/21/2022
141,Christoffer,Berfoot,cberfoot3w@blogspot.com,Male,true,5,1.18,10/3/2022
142,Chase,Karmel,ckarmel3x@google.es,Male,false,3,1.67,5/15/2022
143,Devinne,Wey,dwey3y@mlb.com,Bigender,false,12,1.65,1/30/2023
144,Josey,Nuton,jnuton3z@telegraph.co.uk,Female,false,10,1.68,9/13/2022
145,Erick,McQuarter,emcquarter40@xing.com,Male,false,1,1.01,6/30/2022
146,Virgil,Thebes,vthebes41@cafepress.com,Male,true,13,1.4,3/15/2023
147,Rica,Harder,rharder42@theatlantic.com,Female,false,7,1.37,1/13/2023
148,Bambi,Rigolle,brigolle43@usatoday.com,Female,true,1,1.84,8/9/2022
149,Gray,Huntley,ghuntley44@cafepress.com,Female,false,14,1.01,12/20/2022
150,Dacie,Katzmann,dkatzmann45@quantcast.com,Female,true,14,1.44,1/31/2022
151,Antony,Reedie,areedie46@narod.ru,Male,true,0,1.36,11/28/2022
152,Beret,O'Mahoney,bomahoney47@meetup.com,Female,false,14,1.01,2/24/2022
153,Pauly,Frayling,pfrayling48@xinhuanet.com,Male,false,1,1.2,10/15/2022
154,Vite,Maryman,vmaryman49@ucsd.edu,Agender,true,2,1.64,5/12/2022
155,Cyrus,Menezes,cmenezes4a@wp.com,Male,true,8,1.65,7/28/2022
156,Mayor,McAnellye,mmcanellye4b@wsj.com,Male,true,8,1.0,5/3/2022
157,Ave,Teasdale,ateasdale4c@yandex.ru,Male,false,4,1.34,8/31/2022
158,Dorella,Belly,dbelly4d@wikia.com,Female,false,12,1.78,10/27/2022
159,Debby,Bailes,dbailes4e@cam.ac.uk,Female,false,10,1.27,6/9/2022
160,Woody,Fullom,wfullom4f@wikimedia.org,Male,true,14,1.72,3/6/2023
161,Arabel,Ditty,aditty4g@rakuten.co.jp,Agender,true,6,1.34,7/31/2022
162,Cati,Sergeaunt,csergeaunt4h@toplist.cz,Female,true,6,1.25,12/12/2022
163,Daisie,Fliege,dfliege4i@odnoklassniki.ru,Female,true,11,1.96,2/19/2022
164,Torrin,Kilduff,tkilduff4j@google.it,Male,true,5,1.19,2/7/2023
165,Carlye,Vellender,cvellender4k@devhub.com,Female,true,10,1.26,10/9/2022
166,Bella,Signore,bsignore4l@flavors.me,Female,true,1,1.72,12/31/2022
167,Garnet,Turfrey,gturfrey4m@goo.ne.jp,Female,false,13,1.15,3/24/2022
168,Irita,Pluvier,ipluvier4n@google.co.uk,Female,true,10,1.92,1/22/2022
169,Randene,Peake,rpeake4o@dagondesign.com,Female,true,6,1.13,3/19/2022
170,Elisha,Mesias,emesias4p@vk.com,Female,true,14,1.15,11/22/2022
171,Babs,MacKartan,bmackartan4q@meetup.com,Female,true,5,1.38,4/7/2022
172,Isadore,Fielding,ifielding4r@lulu.com,Male,false,0,1.56,2/27/2022
173,Cull,Korba,ckorba4s@zdnet.com,Male,true,10,1.76,8/11/2022
174,Jolie,Skippen,jskippen4t@abc.net.au,Female,true,15,1.36,10/14/2022
175,Joly,Kinastan,jkinastan4u@irs.gov,Female,false,9,1.94,8/1/2022
176,Hilda,Liggett,hliggett4v@youtube.com,Female,true,6,1.1,11/24/2022
177,Del,Greenside,dgreenside4w@discovery.com,Female,false,6,1.31,9/20/2022
178,Alexis,Spours,aspours4x@reuters.com,Male,true,5,1.36,5/31/2022
179,Nora,Cordell,ncordell4y@elegantthemes.com,Female,false,11,1.14,11/3/2022
180,Otes,Chalmers,ochalmers4z@w3.org,Male,false,6,1.11,1/15/2022
181,Stacee,Aspinwall,saspinwall50@washingtonpost.com,Male,true,11,1.83,2/11/2022
182,Joelle,Hanway,jhanway51@xing.com,Female,false,13,1.73,9/25/2022
183,Agnesse,Tokley,atokley52@last.fm,Female,false,9,1.82,1/17/2023
184,Wendye,Le Teve,wleteve53@over-blog.com,Female,false,8,1.07,1/12/2022
185,Currie,Densie,cdensie54@hp.com,Agender,true,4,1.93,6/29/2022
186,Alard,Cuesta,acuesta55@usatoday.com,Male,false,10,1.58,6/6/2022
187,Craggy,Gircke,cgircke56@histats.com,Male,true,10,2.0,5/27/2022
188,Sarita,Kemmet,skemmet57@tinyurl.com,Female,true,11,1.83,2/24/2023
189,Corny,Dowdell,cdowdell58@ocn.ne.jp,Male,true,11,1.13,1/24/2022
190,Leroy,Lackham,llackham59@nps.gov,Male,true,0,1.17,3/19/2022
191,Reginald,Happel,rhappel5a@cbc.ca,Male,true,5,1.06,7/14/2022
192,Gussie,Tynemouth,gtynemouth5b@amazonaws.com,Female,false,6,1.88,7/1/2022
193,Janetta,Cokly,jcokly5c@about.me,Female,true,0,1.87,1/2/2022
194,Bronny,Tow,btow5d@springer.com,Agender,true,0,1.72,8/15/2022
195,Ebenezer,Decreuze,edecreuze5e@behance.net,Male,false,4,1.97,5/30/2022
196,Amalie,Patry,apatry5f@msu.edu,Female,true,2,1.09,12/13/2022
197,Vasili,Corser,vcorser5g@gov.uk,Male,false,9,1.44,4/26/2022
198,Damita,McQuillin,dmcquillin5h@biblegateway.com,Female,false,1,1.64,4/24/2022
199,Valaria,Durbridge,vdurbridge5i@shop-pro.jp,Female,false,12,1.24,12/4/2022
200,Trisha,Kelley,tkelley5j@csmonitor.com,Female,true,6,1.79,5/8/2022
201,Adolphe,Sandars,asandars5k@altervista.org,Male,true,14,1.97,5/26/2022
202,Agna,Munroe,amunroe5l@creativecommons.org,Female,true,8,1.49,10/7/2022
203,Derek,New,dnew5m@diigo.com,Male,true,14,1.88,1/15/2022
204,Duff,Borge,dborge5n@ibm.com,Male,true,6,1.26,11/8/2022
205,Alistair,Braunton,abraunton5o@lycos.com,Polygender,false,8,1.94,8/26/2022
206,Gun,Wayne,gwayne5p@engadget.com,Male,false,12,1.39,7/30/2022
207,Gisele,Mynott,gmynott5q@moonfruit.com,Female,true,0,1.72,1/11/2022
208,Kylen,Trood,ktrood5r@hc360.com,Female,true,13,1.68,6/18/2022
209,Estrellita,Jeafferson,ejeafferson5s@uiuc.edu,Female,true,13,1.51,11/25/2022
210,Revkah,Peacey,rpeacey5t@blogger.com,Female,false,6,1.15,3/15/2023
211,Yuma,Windybank,ywindybank5u@java.com,Male,false,15,1.91,3/19/2023
212,Lorilee,Warlton,lwarlton5v@simplemachines.org,Female,true,2,1.81,3/27/2022
213,Hashim,Hubner,hhubner5w@purevolume.com,Male,false,1,1.59,1/5/2023
214,Elnora,Sawden,esawden5x@yahoo.co.jp,Female,true,2,1.45,2/12/2022
215,Sanderson,Baish,sbaish5y@storify.com,Male,false,13,1.28,5/4/2022
216,Jonathon,Peachman,jpeachman5z@i2i.jp,Male,true,4,1.58,11/29/2022
217,Andi,Edensor,aedensor60@boston.com,Agender,false,12,1.08,3/20/2022
218,Martina,Rablen,mrablen61@quantcast.com,Female,false,10,1.0,1/5/2022
219,Angelique,Bartleman,abartleman62@techcrunch.com,Female,false,0,1.32,4/6/2022
220,Carson,Buckhurst,cbuckhurst63@technorati.com,Male,true,13,1.72,3/27/2023
221,Becka,Frissell,bfrissell64@hibu.com,Female,false,1,1.45,2/1/2022
222,Flinn,Tyrwhitt,ftyrwhitt65@businesswire.com,Male,false,7,1.84,10/24/2022
223,Bradan,Lothean,blothean66@google.com.br,Male,true,10,1.81,12/4/2022
224,Katya,Crane,kcrane67@cnet.com,Female,false,1,1.81,10/20/2022
225,Arly,Klimochkin,aklimochkin68@newyorker.com,Female,true,12,1.18,12/30/2022
226,Jules,Winfrey,jwinfrey69@mediafire.com,Male,true,13,1.75,11/25/2022
227,Augusta,Kirgan,akirgan6a@phoca.cz,Female,false,9,1.56,2/9/2022
228,Marilin,Daubeny,mdaubeny6b@furl.net,Female,true,5,1.14,12/14/2022
229,Tresa,Stubbings,tstubbings6c@telegraph.co.uk,Agender,false,10,1.64,9/17/2022
230,Rupert,Duguid,rduguid6d@seattletimes.com,Male,true,11,1.87,4/28/2022
231,Aldon,Ryce,aryce6e@github.io,Male,true,15,1.06,9/13/2022
232,Celie,Schohier,cschohier6f@un.org,Female,true,12,1.78,2/12/2023
233,Zorine,Dodman,zdodman6g@theatlantic.com,Female,true,5,1.71,4/13/2022
234,Cristina,Philipps,cphilipps6h@google.ru,Female,false,9,1.86,3/14/2023
235,Sunny,Lowndsbrough,slowndsbrough6i@wp.com,Non-binary,true,9,1.06,7/13/2022
236,Wynny,Odeson,wodeson6j@nps.gov,Polygender,false,5,1.53,1/10/2022
237,Boigie,Turneaux,bturneaux6k@sciencedirect.com,Male,true,11,1.51,4/4/2022
238,Mahala,De Vaar,mdevaar6l@go.com,Female,true,14,1.8,7/12/2022
239,Dodi,Radborn,dradborn6m@marriott.com,Female,true,3,1.4,9/8/2022
240,Giustina,Bloschke,gbloschke6n@smh.com.au,Female,false,11,1.95,7/3/2022
241,Colby,Mayoral,cmayoral6o@joomla.org,Male,false,10,1.43,1/20/2023
242,Margret,Spieck,mspieck6p@istockphoto.com,Female,false,1,1.86,12/4/2022
243,Lorry,Simonini,lsimonini6q@blogs.com,Male,false,6,1.93,5/3/2022
244,Kati,Corran,kcorran6r@walmart.com,Female,false,2,1.87,3/20/2022
245,Antoine,Rockwell,arockwell6s@cpanel.net,Male,false,13,1.76,9/3/2022
246,Blanch,Slot,bslot6t@miitbeian.gov.cn,Female,true,0,1.64,11/21/2022
247,Lyman,Geraudel,lgeraudel6u@ted.com,Male,true,7,1.8,4/24/2022
248,Bertina,Pittem,bpittem6v@pbs.org,Female,false,2,1.44,10/21/2022
249,Johann,Ettels,jettels6w@nymag.com,Male,true,5,1.97,11/18/2022
250,Bertie,Idiens,bidiens6x@hhs.gov,Male,false,9,1.7,7/6/2022
251,Britte,Scalia,bscalia6y@patch.com,Female,true,3,1.05,2/23/2023
252,Ches,Beedom,cbeedom6z@oakley.com,Male,true,10,1.41,12/24/2022
253,Pancho,Rolfe,prolfe70@hibu.com,Male,false,10,1.32,2/6/2023
254,Brandise,Kille,bkille71@instagram.com,Polygender,false,14,1.56,6/14/2022
255,Perrine,Cruxton,pcruxton72@engadget.com,Female,false,4,1.52,8/17/2022
256,Cherish,Czaja,cczaja73@goodreads.com,Female,true,3,1.38,2/24/2022
257,Anastassia,Kobpa,akobpa74@vkontakte.ru,Female,false,1,1.12,7/16/2022
258,Pepe,Astlet,pastlet75@economist.com,Male,true,11,1.98,4/24/2022
259,Gerry,Toll,gtoll76@fotki.com,Male,true,12,1.3,8/15/2022
260,Nickey,McQuirk,nmcquirk77@meetup.com,Polygender,false,15,1.93,3/17/2023
261,Charis,Tennison,ctennison78@samsung.com,Female,false,1,1.37,3/22/2023
262,Delinda,Smetoun,dsmetoun79@yandex.ru,Female,false,6,1.42,9/15/2022
263,Mercy,Labb,mlabb7a@samsung.com,Female,false,1,1.58,2/15/2022
264,Arabele,Stockings,astockings7b@nhs.uk,Female,false,12,1.34,3/6/2023
265,Seamus,Langfitt,slangfitt7c@rambler.ru,Male,true,6,1.15,9/21/2022
266,Lora,Adiscot,ladiscot7d@purevolume.com,Female,true,6,1.91,2/1/2022
267,Rhodia,Duffill,rduffill7e@etsy.com,Female,false,6,1.44,12/31/2022
268,Yale,MacCrann,ymaccrann7f@google.fr,Male,false,12,1.67,2/20/2023
269,Khalil,Kristufek,kkristufek7g@reverbnation.com,Male,false,6,1.21,9/15/2022
270,Otto,Matteacci,omatteacci7h@thetimes.co.uk,Agender,true,2,1.42,2/20/2023
271,Aguste,Ronisch,aronisch7i@drupal.org,Agender,true,5,1.72,6/6/2022
272,Cherye,Panniers,cpanniers7j@opensource.org,Female,true,14,1.33,4/27/2022
273,Glad,Giacomini,ggiacomini7k@arizona.edu,Female,true,2,1.89,5/29/2022
274,Glyn,Mustoo,gmustoo7l@google.com.br,Male,true,11,1.63,6/30/2022
275,Maurita,Cowp,mcowp7m@hugedomains.com,Female,false,2,1.63,3/23/2022
276,Korey,Posnett,kposnett7n@fc2.com,Male,false,14,1.37,2/15/2022
277,Sheryl,Brandes,sbrandes7o@cafepress.com,Female,true,1,1.58,2/20/2022
278,Kalle,Wingate,kwingate7p@businessinsider.com,Male,true,8,1.2,8/19/2022
279,Vernen,Gaines,vgaines7q@usgs.gov,Male,true,11,1.73,10/18/2022
280,Francklyn,Mainland,fmainland7r@xinhuanet.com,Male,false,3,1.39,1/22/2022
281,Eleni,Tynemouth,etynemouth7s@exblog.jp,Bigender,true,14,1.88,2/20/2023
282,Ingamar,Leisk,ileisk7t@posterous.com,Male,true,10,1.88,1/8/2022
283,Perceval,Pittock,ppittock7u@admin.ch,Male,true,7,1.43,1/26/2023
284,Eva,Dowglass,edowglass7v@mac.com,Female,true,5,1.62,3/16/2022
285,Raychel,Hellis,rhellis7w@oakley.com,Female,false,12,1.06,5/29/2022
286,Afton,Muckley,amuckley7x@reverbnation.com,Female,false,15,1.99,4/2/2022
287,Marsiella,Maitland,mmaitland7y@soup.io,Genderqueer,false,7,1.44,1/31/2023
288,Arvin,Di Bernardo,adibernardo7z@cornell.edu,Male,true,12,1.45,3/31/2022
289,Manfred,Scading,mscading80@about.me,Male,true,13,1.42,8/20/2022
290,Dun,Carder,dcarder81@edublogs.org,Male,true,13,1.07,1/28/2023
291,Gerda,Scrivener,gscrivener82@amazon.de,Polygender,true,12,1.71,4/4/2022
292,Ethe,Gooddy,egooddy83@howstuffworks.com,Male,true,7,1.02,5/12/2022
293,Alta,Ashton,aashton84@blogger.com,Female,false,13,1.88,8/5/2022
294,Dorella,Hourican,dhourican85@oakley.com,Female,true,4,1.79,1/29/2022
295,Sheilakathryn,Schwanden,sschwanden86@trellian.com,Female,true,8,1.05,1/27/2023
296,Fedora,Maccrie,fmaccrie87@chicagotribune.com,Female,true,0,1.46,3/19/2022
297,Rafferty,Lindenbaum,rlindenbaum88@fastcompany.com,Male,true,9,1.15,3/15/2022
298,Tessa,Sanham,tsanham89@cam.ac.uk,Female,false,2,1.13,11/23/2022
299,Mable,Sulland,msulland8a@sphinn.com,Female,true,4,1.21,2/25/2023
300,Giorgia,Hatherleigh,ghatherleigh8b@smugmug.com,Female,false,6,1.97,2/25/2023
301,Lilla,Prestie,lprestie8c@xinhuanet.com,Female,true,2,1.88,5/6/2022
302,Torrance,Whitemarsh,twhitemarsh8d@hhs.gov,Male,false,3,1.46,9/15/2022
303,Bartie,Ferronier,bferronier8e@nba.com,Male,false,2,1.99,1/19/2023
304,Freedman,Andrich,fandrich8f@flickr.com,Genderfluid,false,3,1.85,6/30/2022
305,Kellsie,Dewberry,kdewberry8g@studiopress.com,Female,true,15,1.06,4/23/2022
306,Doralynn,Bruce,dbruce8h@hubpages.com,Female,false,0,1.15,10/9/2022
307,Beaufort,Cawkill,bcawkill8i@howstuffworks.com,Male,true,13,1.57,4/25/2022
308,Derrik,Ruf,druf8j@blogtalkradio.com,Male,true,0,1.14,6/27/2022
309,Audie,Bahike,abahike8k@nyu.edu,Genderfluid,true,14,1.91,11/16/2022
310,Pierce,Alleyn,palleyn8l@diigo.com,Male,false,8,1.01,3/27/2022
311,Florry,Scollard,fscollard8m@google.pl,Female,true,14,1.37,2/2/2022
312,Wye,Waliszewski,wwaliszewski8n@dot.gov,Male,false,3,1.68,12/19/2022
313,Gerhardine,Fowkes,gfowkes8o@discuz.net,Female,false,13,1.82,10/12/2022
314,Eudora,Stannion,estannion8p@github.com,Female,true,3,1.3,10/25/2022
315,Desi,Benner,dbenner8q@skype.com,Male,false,6,1.54,10/28/2022
316,Lucky,Inold,linold8r@shinystat.com,Female,false,3,1.79,3/25/2023
317,Prescott,Olivera,polivera8s@wunderground.com,Male,false,7,1.62,8/2/2022
318,Anestassia,Mussett,amussett8t@t.co,Female,true,13,1.96,9/23/2022
319,Caye,Lawee,clawee8u@pagesperso-orange.fr,Female,false,11,1.26,2/8/2023
320,Linc,Benson,lbenson8v@census.gov,Male,false,14,1.4,6/20/2022
321,Marice,Riggert,mriggert8w@ehow.com,Female,false,2,1.15,1/14/2022
322,Gavan,Didsbury,gdidsbury8x@printfriendly.com,Male,false,11,1.22,4/30/2022
323,Caritta,Mazella,cmazella8y@ucla.edu,Female,true,8,1.2,1/4/2022
324,Carree,Belsey,cbelsey8z@ask.com,Female,false,2,1.91,7/2/2022
325,Dorene,McComish,dmccomish90@spotify.com,Female,true,12,1.06,3/18/2023
326,Clywd,Golton,cgolton91@cornell.edu,Male,true,0,1.46,1/16/2022
327,Roberta,Bygrove,rbygrove92@senate.gov,Polygender,false,4,1.09,10/29/2022
328,Fidela,Battson,fbattson93@friendfeed.com,Female,false,3,1.71,11/10/2022
329,Bibbie,Strickland,bstrickland94@topsy.com,Female,false,1,1.74,11/27/2022
330,Anatollo,Kiff,akiff95@discovery.com,Male,false,15,1.43,8/25/2022
331,Araldo,Faux,afaux96@dot.gov,Male,false,11,1.34,10/22/2022
332,Isacco,Verrills,iverrills97@artisteer.com,Male,false,9,1.19,4/24/2022
333,Emma,Becarra,ebecarra98@a8.net,Female,true,14,1.52,11/18/2022
334,Lucina,Rawling,lrawling99@devhub.com,Female,false,5,1.75,7/14/2022
335,Robin,Hrishchenko,rhrishchenko9a@over-blog.com,Female,false,9,1.04,3/22/2023
336,Sim,Do Rosario,sdorosario9b@macromedia.com,Male,true,11,1.71,11/15/2022
337,Dennet,Nesterov,dnesterov9c@wikimedia.org,Male,true,2,1.71,3/31/2023
338,Glennis,Pierse,gpierse9d@wordpress.org,Female,false,14,1.38,2/20/2023
339,Devi,Spilisy,dspilisy9e@51.la,Polygender,false,4,1.91,4/24/2022
340,Buddie,Shermar,bshermar9f@shinystat.com,Male,false,3,1.93,3/29/2023
341,Jewelle,Haddrill,jhaddrill9g@chicagotribune.com,Female,false,6,1.77,9/26/2022
342,Stoddard,Goggey,sgoggey9h@cisco.com,Female,true,7,1.31,3/12/2022
343,Stanley,Wardhaugh,swardhaugh9i@over-blog.com,Male,true,5,1.21,11/29/2022
344,Robert,Spawforth,rspawforth9j@google.pl,Male,true,12,1.88,12/9/2022
345,Fairleigh,Trevillion,ftrevillion9k@com.com,Male,false,9,1.97,9/16/2022
346,Berenice,Huerta,bhuerta9l@odnoklassniki.ru,Female,true,3,1.76,11/27/2022
347,Kailey,Reyson,kreyson9m@xinhuanet.com,Polygender,false,3,1.18,8/18/2022
348,Ricky,Girling,rgirling9n@kickstarter.com,Female,false,7,1.22,2/4/2022
349,Howey,Mossom,hmossom9o@chicagotribune.com,Male,false,5,1.27,1/12/2022
350,Nessy,Dedney,ndedney9p@squarespace.com,Female,false,7,1.15,5/5/2022
351,Chalmers,Tyres,ctyres9q@alibaba.com,Male,true,9,1.85,1/13/2023
352,Stacee,Ellacombe,sellacombe9r@t-online.de,Female,true,8,1.89,1/9/2023
353,Quinn,Lepoidevin,qlepoidevin9s@mozilla.com,Male,false,14,1.16,1/29/2022
354,Eran,Zuanelli,ezuanelli9t@oaic.gov.au,Female,true,11,1.22,2/8/2023
355,Pauly,Mainwaring,pmainwaring9u@va.gov,Female,false,3,1.19,2/26/2022
356,Bill,Cotelard,bcotelard9v@arstechnica.com,Male,false,6,1.25,5/8/2022
357,Hinda,Corro,hcorro9w@skype.com,Female,true,4,1.73,8/24/2022
358,Pincas,Elham,pelham9x@harvard.edu,Male,false,10,1.42,2/5/2023
359,Regan,Nickless,rnickless9y@4shared.com,Female,true,9,1.97,10/1/2022
360,Linzy,Tiffany,ltiffany9z@utexas.edu,Female,true,3,1.32,2/15/2022
361,Kelsey,Skipworth,kskipwortha0@intel.com,Agender,false,3,1.48,4/10/2022
362,Maryann,O Mullen,momullena1@chicagotribune.com,Female,true,10,1.5,4/24/2022
363,Augustin,Danzey,adanzeya2@nhs.uk,Male,true,12,1.5,2/5/2022
364,Horton,Fliege,hfliegea3@fotki.com,Male,true,1,1.99,6/1/2022
365,Scotti,Couser,scousera4@jugem.jp,Polygender,false,3,1.33,1/18/2023
366,Christophorus,Peggs,cpeggsa5@shinystat.com,Male,false,15,1.0,6/30/2022
367,Mariette,Mularkey,mmularkeya6@live.com,Female,true,12,1.09,1/22/2023
368,Libbey,Errington,lerringtona7@freewebs.com,Female,false,4,1.29,2/15/2022
369,Glyn,Gourdon,ggourdona8@printfriendly.com,Female,false,9,1.13,7/30/2022
370,Niel,Epps,neppsa9@bigcartel.com,Male,true,11,1.76,11/2/2022
371,Brent,Guerreau,bguerreauaa@comcast.net,Male,true,7,1.23,2/19/2022
372,Cora,Bladge,cbladgeab@pbs.org,Female,false,5,1.31,5/11/2022
373,Fredek,Mahmood,fmahmoodac@theguardian.com,Male,true,2,1.48,10/3/2022
374,Garner,Peacock,gpeacockad@topsy.com,Male,true,14,1.33,11/17/2022
375,Kaile,Eseler,keselerae@sohu.com,Female,true,15,1.21,4/6/2022
376,Nadiya,Harmson,nharmsonaf@hatena.ne.jp,Female,false,12,1.94,11/8/2022
377,Merle,Locket,mlocketag@issuu.com,Male,true,1,1.24,2/22/2022
378,Jarrod,Seiffert,jseiffertah@drupal.org,Male,true,14,1.6,10/22/2022
379,Gerry,Cotherill,gcotherillai@discovery.com,Male,false,0,1.11,3/9/2023
380,Saba,Borrington,sborringtonaj@rakuten.co.jp,Female,false,1,1.56,1/20/2023
381,Rosie,Acomb,racombak@addthis.com,Genderfluid,false,9,1.99,5/10/2022
382,Gael,Infantino,ginfantinoal@typepad.com,Female,false,0,1.14,1/26/2023
383,Arvy,Barnwell,abarnwellam@shinystat.com,Male,true,12,1.75,2/22/2023
384,Abbott,Niles,anilesan@symantec.com,Non-binary,true,1,1.37,2/13/2023
385,Sly,Thies,sthiesao@usda.gov,Male,false,5,1.4,1/9/2022
386,Nikita,Champion,nchampionap@behance.net,Male,false,6,1.92,3/15/2023
387,Mikaela,Ennever,menneveraq@cisco.com,Female,true,3,1.73,7/8/2022
388,Sherye,Tear,stearar@mozilla.com,Female,true,3,1.39,5/14/2022
389,Skyler,Cadany,scadanyas@craigslist.org,Male,false,13,1.23,11/24/2022
390,Austen,Vokes,avokesat@meetup.com,Male,false,10,1.79,6/10/2022
391,Granny,Vaan,gvaanau@yelp.com,Male,true,6,1.98,4/22/2022
392,Doralynne,Codman,dcodmanav@geocities.jp,Female,true,11,1.6,11/14/2022
393,Etti,Dimic,edimicaw@wisc.edu,Female,false,4,1.26,3/25/2022
394,Thatcher,Belford,tbelfordax@amazon.com,Male,true,12,1.62,3/7/2023
395,Carmelina,MacGarrity,cmacgarrityay@infoseek.co.jp,Female,false,8,1.18,10/23/2022
396,Michele,Coull,mcoullaz@qq.com,Non-binary,false,6,1.24,9/11/2022
397,Aurea,Gundrey,agundreyb0@friendfeed.com,Female,true,6,1.6,5/24/2022
398,Ruggiero,Willmott,rwillmottb1@nsw.gov.au,Male,true,6,1.42,1/25/2023
399,Cello,MacQuaker,cmacquakerb2@dmoz.org,Male,true,11,1.76,11/2/2022
400,Lauryn,Bracegirdle,lbracegirdleb3@gmpg.org,Female,false,15,1.03,4/27/2022
401,Ketti,Caudle,kcaudleb4@ebay.com,Female,true,3,1.33,5/16/2022
402,Dulci,Andrusov,dandrusovb5@adobe.com,Female,false,8,1.68,10/14/2022
403,Dukey,Burger,dburgerb6@flickr.com,Male,false,6,1.65,9/14/2022
404,Faye,Maddams,fmaddamsb7@engadget.com,Female,true,8,1.14,5/28/2022
405,Emmanuel,Featherstone,efeatherstoneb8@fc2.com,Male,false,1,1.94,8/17/2022
406,Marco,Bradshaw,mbradshawb9@seesaa.net,Male,true,10,1.42,1/17/2023
407,Billy,Lawlings,blawlingsba@columbia.edu,Male,true,4,1.74,1/12/2022
408,Che,Incogna,cincognabb@ezinearticles.com,Male,true,13,1.63,6/28/2022
409,Stuart,Rowcliffe,srowcliffebc@smh.com.au,Male,true,0,1.35,12/11/2022
410,Filippo,Trobey,ftrobeybd@pcworld.com,Male,true,13,1.95,1/3/2022
411,Dorisa,Lehrian,dlehrianbe@senate.gov,Non-binary,true,1,1.08,6/24/2022
412,Roy,Flieg,rfliegbf@arstechnica.com,Male,false,14,1.33,8/4/2022
413,Thomasine,Lethcoe,tlethcoebg@disqus.com,Female,false,14,1.12,5/13/2022
414,Homere,Leggate,hleggatebh@tinyurl.com,Male,true,9,1.64,1/22/2022
415,Lyell,Norway,lnorwaybi@prnewswire.com,Male,true,4,1.46,10/5/2022
416,Domenic,Spadazzi,dspadazzibj@nasa.gov,Male,false,11,1.1,10/29/2022
417,Arty,Rintoul,arintoulbk@theglobeandmail.com,Male,true,5,1.8,11/26/2022
418,Hall,Wrench,hwrenchbl@prnewswire.com,Male,true,10,1.62,5/4/2022
419,Kaitlin,Goggins,kgogginsbm@vimeo.com,Female,false,14,1.82,3/10/2023
420,Cristobal,Petchell,cpetchellbn@last.fm,Male,true,7,1.84,5/16/2022
421,Janel,McLae,jmclaebo@amazonaws.com,Female,true,15,1.02,10/1/2022
422,Dall,Swindles,dswindlesbp@forbes.com,Male,true,9,1.48,5/4/2022
423,Esme,Loweth,elowethbq@geocities.com,Non-binary,false,6,1.34,3/15/2022
424,Maurizia,Pyecroft,mpyecroftbr@tripadvisor.com,Female,false,0,1.97,12/6/2022
425,Jecho,Shattock,jshattockbs@sbwire.com,Male,false,8,1.56,12/26/2022
426,Celina,Spick,cspickbt@sciencedirect.com,Bigender,true,8,1.79,8/31/2022
427,Gunther,Careless,gcarelessbu@icq.com,Male,false,10,1.08,3/2/2023
428,Mattias,Tille,mtillebv@spotify.com,Male,true,12,1.61,11/30/2022
429,Pace,Bunn,pbunnbw@prweb.com,Male,false,7,1.7,5/22/2022
430,Valida,Slee,vsleebx@livejournal.com,Female,false,9,1.5,7/3/2022
431,Giffer,Bussen,gbussenby@businesswire.com,Male,true,5,1.61,1/18/2023
432,Upton,Mooney,umooneybz@blogs.com,Male,true,4,1.69,9/29/2022
433,Nevile,Catley,ncatleyc0@google.cn,Male,true,5,1.84,2/24/2023
434,Brittni,Hambers,bhambersc1@imgur.com,Female,true,14,1.93,11/9/2022
435,Tomlin,Haps,thapsc2@uiuc.edu,Male,false,13,1.51,2/24/2022
436,Hector,Heintsch,hheintschc3@homestead.com,Male,true,4,1.24,8/6/2022
437,Almire,Kuscha,akuschac4@acquirethisname.com,Female,true,14,1.29,10/22/2022
438,Jennica,Gerty,jgertyc5@hhs.gov,Female,true,0,1.5,3/26/2022
439,Noah,Clelle,nclellec6@yolasite.com,Male,true,5,1.59,1/1/2022
440,Robbert,Howat,rhowatc7@privacy.gov.au,Male,true,11,1.49,2/2/2023
441,Patin,Wathall,pwathallc8@slideshare.net,Male,true,1,1.48,7/9/2022
442,Georas,Stollery,gstolleryc9@symantec.com,Non-binary,false,3,1.92,1/21/2023
443,Arnaldo,Rhodus,arhodusca@si.edu,Male,true,4,1.34,1/12/2023
444,Siobhan,Yokelman,syokelmancb@sciencedaily.com,Female,false,13,1.35,9/13/2022
445,Chuck,Cawthorn,ccawthorncc@ehow.com,Male,true,7,1.98,10/3/2022
446,Alejandro,Leyban,aleybancd@narod.ru,Male,false,7,1.96,1/16/2023
447,Monro,Castelijn,mcastelijnce@cargocollective.com,Male,false,1,1.26,3/7/2022
448,Bartholemy,Brooking,bbrookingcf@google.fr,Male,true,14,1.77,8/4/2022
449,Mycah,Laible,mlaiblecg@statcounter.com,Male,true,1,1.64,8/14/2022
450,Janaye,Cosker,jcoskerch@blogger.com,Female,true,11,1.43,2/9/2023
451,Yuma,Scola,yscolaci@un.org,Male,true,9,1.08,7/1/2022
452,Pauly,Deal,pdealcj@com.com,Female,true,12,1.05,1/16/2022
453,Vincents,Baylay,vbaylayck@ezinearticles.com,Male,false,10,1.38,5/28/2022
454,Kassandra,Laurenty,klaurentycl@about.me,Female,true,9,1.22,3/18/2022
455,Lucienne,Fri,lfricm@edublogs.org,Female,false,13,1.43,5/10/2022
456,Rebekkah,Fyldes,rfyldescn@answers.com,Female,false,13,1.21,2/3/2023
457,Rosalia,Labram,rlabramco@is.gd,Female,false,9,1.58,5/1/2022
458,Cobbie,Atkins,catkinscp@miitbeian.gov.cn,Male,true,9,1.96,10/22/2022
459,Buckie,Beckey,bbeckeycq@fotki.com,Male,false,9,1.81,11/14/2022
460,Torie,Meininking,tmeininkingcr@google.com.hk,Female,false,14,1.35,8/16/2022
461,Elly,Earney,eearneycs@posterous.com,Genderfluid,true,1,1.93,1/8/2023
462,Dun,Lock,dlockct@ucoz.com,Male,false,11,1.77,6/9/2022
463,Dexter,Levick,dlevickcu@linkedin.com,Male,false,6,1.24,1/26/2023
464,Dale,Cussins,dcussinscv@businessinsider.com,Male,false,1,1.38,3/2/2022
465,Victor,Foort,vfoortcw@shutterfly.com,Male,false,12,1.4,4/5/2022
466,Maury,Wellstood,mwellstoodcx@typepad.com,Genderqueer,true,10,1.75,6/7/2022
467,Dyann,Riguard,driguardcy@cnet.com,Female,true,11,1.97,4/14/2022
468,Dasie,Muirden,dmuirdencz@google.ru,Female,true,13,1.73,11/11/2022
469,Karlie,Ioselevich,kioselevichd0@mozilla.com,Female,false,4,1.92,1/18/2022
470,Maressa,Holtom,mholtomd1@nps.gov,Female,false,12,1.98,6/7/2022
471,Vonnie,Ghirardi,vghirardid2@weather.com,Bigender,false,12,1.28,10/28/2022
472,Yoshi,Pote,ypoted3@soup.io,Female,false,0,1.16,11/17/2022
473,Ryan,Catt,rcattd4@java.com,Male,true,2,1.25,2/24/2023
474,Christian,Tocque,ctocqued5@elpais.com,Female,false,7,1.75,2/23/2022
475,Osbert,Vennart,ovennartd6@google.co.uk,Male,true,11,1.28,7/17/2022
476,Edgar,McGinn,emcginnd7@trellian.com,Male,true,15,1.52,7/13/2022
477,Mandi,McColgan,mmccolgand8@drupal.org,Polygender,true,1,1.21,2/21/2023
478,Kelley,Coxall,kcoxalld9@weather.com,Female,true,10,1.1,11/29/2022
479,Ermanno,Waplington,ewaplingtonda@hao123.com,Male,true,14,1.76,4/2/2022
480,Gussi,Spires,gspiresdb@altervista.org,Female,false,5,1.48,7/29/2022
481,Ottilie,Lawlee,olawleedc@addtoany.com,Female,false,8,1.57,9/21/2022
482,Gisella,Dive,gdivedd@tiny.cc,Female,true,12,1.57,2/18/2023
483,Ulrich,Cocci,ucoccide@shareasale.com,Male,true,15,1.11,3/9/2023
484,Blinni,McTiernan,bmctiernandf@last.fm,Female,false,1,1.39,10/1/2022
485,Berkly,Battams,bbattamsdg@goo.ne.jp,Male,false,5,1.4,1/28/2023
486,Vina,Cunniam,vcunniamdh@vimeo.com,Female,false,9,1.38,1/16/2023
487,Hans,Vallerine,hvallerinedi@friendfeed.com,Male,true,15,1.15,3/2/2022
488,Enos,Simons,esimonsdj@w3.org,Male,false,5,1.77,12/30/2022
489,Archer,Peppin,apeppindk@telegraph.co.uk,Male,false,13,1.95,3/8/2023
490,Ronda,Merner,rmernerdl@alibaba.com,Female,true,3,1.7,8/30/2022
491,Kira,Jendrach,kjendrachdm@com.com,Female,false,12,1.47,8/15/2022
492,Katee,Lynd,klynddn@bluehost.com,Female,false,6,1.2,2/18/2023
493,Benedetto,Reed,breeddo@fastcompany.com,Male,false,3,1.57,12/1/2022
494,Lucais,Siggs,lsiggsdp@networksolutions.com,Male,true,4,1.87,3/20/2023
495,Inna,Ingray,iingraydq@tripadvisor.com,Female,false,13,1.41,2/26/2022
496,Hort,Heritege,hheritegedr@mayoclinic.com,Male,false,1,1.45,8/20/2022
497,Lainey,Guntrip,lguntripds@pbs.org,Female,false,5,1.67,7/1/2022
498,Mercy,McCawley,mmccawleydt@sitemeter.com,Female,false,5,1.08,8/21/2022
499,Kassey,Conti,kcontidu@time.com,Bigender,true,3,1.0,1/27/2023
500,Coop,Iddons,ciddonsdv@cornell.edu,Male,true,5,1.73,11/15/2022
501,Candie,Yewdale,cyewdaledw@blogger.com,Agender,false,4,1.88,2/10/2022
502,Derward,Gurys,dgurysdx@gizmodo.com,Male,true,13,1.35,1/29/2022
503,Gilbertine,Rojel,grojeldy@wiley.com,Female,true,14,1.39,7/19/2022
504,Christophorus,Stoggell,cstoggelldz@sfgate.com,Male,true,6,1.19,12/28/2022
505,Norby,Osbiston,nosbistone0@umich.edu,Male,true,5,1.02,11/19/2022
506,Oswald,Aicken,oaickene1@imdb.com,Male,false,12,1.18,1/3/2022
507,Mirilla,Steeden,msteedene2@msn.com,Female,true,4,1.2,9/6/2022
508,Ronda,Lello,rlelloe3@latimes.com,Non-binary,false,4,1.61,1/6/2023
509,Constancia,Farady,cfaradye4@washington.edu,Female,false,4,1.12,2/24/2023
510,Greg,Waberer,gwaberere5@pen.io,Male,true,2,1.74,2/1/2023
511,Janith,Dykins,jdykinse6@cocolog-nifty.com,Female,false,4,1.13,2/8/2022
512,Dennis,Forrestall,dforrestalle7@java.com,Agender,false,3,1.23,1/26/2023
513,Denis,Dye,ddyee8@youtube.com,Male,true,7,1.23,5/13/2022
514,Danica,Ashenhurst,dashenhurste9@imgur.com,Female,true,14,1.9,9/12/2022
515,Ernst,Huccaby,ehuccabyea@so-net.ne.jp,Male,true,8,1.53,12/7/2022
516,Abbie,Maciaszczyk,amaciaszczykeb@seattletimes.com,Female,false,4,1.45,2/26/2023
517,Marlie,Andries,mandriesec@uol.com.br,Female,false,15,1.11,8/13/2022
518,Jude,Heggman,jheggmaned@theguardian.com,Male,false,10,1.81,12/12/2022
519,Francine,Shercliff,fshercliffee@dailymotion.com,Polygender,false,11,1.08,3/7/2023
520,Melvyn,Rennels,mrennelsef@weibo.com,Agender,true,7,1.85,12/21/2022
521,Megan,Vowdon,mvowdoneg@freewebs.com,Female,true,6,1.68,8/27/2022
522,Marys,Lydden,mlyddeneh@independent.co.uk,Female,true,5,1.12,2/12/2023
523,Ashia,Hilldrop,ahilldropei@g.co,Female,true,14,1.56,5/26/2022
524,Wolf,Izen,wizenej@noaa.gov,Male,false,3,1.49,11/17/2022
525,Jackson,Kirtlan,jkirtlanek@mlb.com,Non-binary,true,3,1.69,9/20/2022
526,Lynnea,Patriskson,lpatrisksonel@rediff.com,Female,true,12,1.09,5/11/2022
527,Brianne,Hourstan,bhourstanem@google.com.au,Female,true,14,1.13,8/30/2022
528,Carin,Vinick,cvinicken@princeton.edu,Non-binary,false,2,1.83,6/20/2022
529,Mae,Antonietti,mantoniettieo@yellowbook.com,Female,true,11,1.94,3/19/2022
530,Jonie,Weaben,jweabenep@psu.edu,Female,false,5,1.76,11/24/2022
531,Casar,Tithecott,ctithecotteq@nature.com,Male,true,15,1.72,3/13/2023
532,Sheff,Franzini,sfranzinier@epa.gov,Male,false,15,1.83,1/1/2022
533,Sukey,Strelitzer,sstrelitzeres@weebly.com,Female,true,6,1.4,4/2/2022
534,Hayley,Deave,hdeaveet@zimbio.com,Female,false,15,1.71,6/27/2022
535,Marrissa,Vinall,mvinalleu@about.me,Female,false,2,1.23,3/29/2023
536,Donaugh,Lillyman,dlillymanev@creativecommons.org,Male,true,6,1.72,10/20/2022
537,Andree,MacDearmont,amacdearmontew@topsy.com,Female,true,13,1.96,1/17/2022
538,Krisha,Hammerman,khammermanex@nydailynews.com,Male,true,9,1.15,9/24/2022
539,Imelda,Beldan,ibeldaney@pcworld.com,Female,false,0,1.69,9/11/2022
540,Rosene,Verillo,rverilloez@economist.com,Female,true,12,1.53,9/30/2022
541,Xylina,Farrin,xfarrinf0@chron.com,Female,true,9,1.19,9/30/2022
542,Merilyn,Damarell,mdamarellf1@elpais.com,Female,false,10,1.56,12/19/2022
543,Adolphus,Babe,ababef2@blogger.com,Agender,false,13,1.9,2/19/2022
544,Nealson,Crombleholme,ncrombleholmef3@aboutads.info,Bigender,true,12,1.97,10/23/2022
545,Matthieu,Patton,mpattonf4@infoseek.co.jp,Male,false,12,1.92,12/7/2022
546,Warren,Duckering,wduckeringf5@booking.com,Male,true,7,1.04,3/12/2022
547,Upton,Virr,uvirrf6@skyrock.com,Male,false,1,1.02,11/8/2022
548,Humphrey,Louch,hlouchf7@slate.com,Male,false,7,1.08,1/2/2022
549,Trish,Brimm,tbrimmf8@independent.co.uk,Female,true,4,1.28,2/15/2023
550,Ranee,Chipps,rchippsf9@pinterest.com,Female,true,3,1.39,9/4/2022
551,Ricoriki,Martell,rmartellfa@plala.or.jp,Male,false,11,1.82,9/26/2022
552,Kaile,Rumming,krummingfb@patch.com,Female,true,0,1.73,10/30/2022
553,Graeme,Bearham,gbearhamfc@google.co.uk,Genderfluid,false,10,1.9,7/2/2022
554,Roobbie,Tomsu,rtomsufd@networksolutions.com,Female,false,10,1.63,2/12/2022
555,Tina,Lefort,tlefortfe@diigo.com,Female,false,12,1.5,10/1/2022
556,Garnette,O'Fairy,gofairyff@nba.com,Non-binary,false,3,1.49,3/10/2022
557,Paten,Burt,pburtfg@xinhuanet.com,Male,false,8,1.4,3/6/2022
558,Finley,Adney,fadneyfh@home.pl,Male,true,13,1.15,10/5/2022
559,Gaelan,Bradick,gbradickfi@statcounter.com,Male,false,2,1.76,2/2/2022
560,Ingmar,Roft,iroftfj@creativecommons.org,Male,false,13,1.97,3/29/2023
561,Paulie,Dionisio,pdionisiofk@oaic.gov.au,Female,false,0,1.84,4/11/2022
562,Arabel,Rolley,arolleyfl@printfriendly.com,Female,false,13,1.23,7/4/2022
563,Cthrine,Osgar,cosgarfm@soundcloud.com,Female,true,9,1.74,5/16/2022
564,Sharla,Wharrier,swharrierfn@home.pl,Female,true,8,1.84,12/4/2022
565,Billie,Sammut,bsammutfo@ihg.com,Male,true,4,1.65,7/3/2022
566,Simonne,Grishakin,sgrishakinfp@clickbank.net,Female,true,9,1.41,7/27/2022
567,Arlin,Guilbert,aguilbertfq@yahoo.co.jp,Male,false,1,1.48,10/17/2022
568,Elayne,Greatland,egreatlandfr@homestead.com,Female,false,2,1.51,8/28/2022
569,Moore,Dysert,mdysertfs@goo.ne.jp,Male,false,4,1.57,2/22/2022
570,Irwin,Schult,ischultft@free.fr,Male,false,10,1.89,11/30/2022
571,Hewe,Lowres,hlowresfu@t-online.de,Male,true,12,1.99,10/30/2022
572,Bourke,McAnulty,bmcanultyfv@miitbeian.gov.cn,Male,true,8,1.57,10/26/2022
573,Genvieve,Cawthron,gcawthronfw@symantec.com,Female,true,6,1.66,4/17/2022
574,Trefor,Haine,thainefx@feedburner.com,Agender,false,4,1.29,1/27/2022
575,Allie,Stot,astotfy@sohu.com,Male,false,12,1.75,1/14/2023
576,Carmita,Depka,cdepkafz@cnet.com,Female,false,8,1.63,9/19/2022
577,Courtney,Flattman,cflattmang0@chron.com,Female,true,1,1.45,6/15/2022
578,Katee,Murdy,kmurdyg1@wsj.com,Female,false,5,1.47,3/31/2023
579,Maddi,Androli,mandrolig2@guardian.co.uk,Female,true,0,1.53,8/18/2022
580,Karil,Mangeon,kmangeong3@oracle.com,Female,false,12,1.38,12/6/2022
581,Judith,Sunnex,jsunnexg4@europa.eu,Female,false,6,1.24,3/10/2022
582,Dix,Bagehot,dbagehotg5@google.co.uk,Female,true,2,1.71,12/19/2022
583,Whitman,Badrock,wbadrockg6@boston.com,Male,true,14,1.96,3/24/2023
584,Faun,Mattioni,fmattionig7@archive.org,Genderqueer,false,0,1.38,3/24/2022
585,Verge,Padrick,vpadrickg8@nsw.gov.au,Male,true,0,1.3,9/25/2022
586,Winthrop,Gawith,wgawithg9@altervista.org,Polygender,true,2,1.32,3/27/2022
587,Tasia,Nelhams,tnelhamsga@seattletimes.com,Female,false,4,1.02,4/3/2022
588,Valli,Miroy,vmiroygb@posterous.com,Female,false,7,1.5,5/16/2022
589,Errick,Harroway,eharrowaygc@youtu.be,Male,true,12,1.46,7/20/2022
590,Aurilia,McClary,amcclarygd@sun.com,Female,false,15,1.66,3/2/2022
591,Inessa,Minall,iminallge@1688.com,Female,false,3,1.49,9/14/2022
592,Gretna,Zanuciolii,gzanucioliigf@huffingtonpost.com,Female,false,5,1.85,4/3/2022
593,Simona,Thairs,sthairsgg@webs.com,Female,false,10,1.87,5/8/2022
594,Trumaine,Purkins,tpurkinsgh@scribd.com,Male,false,0,1.56,11/22/2022
595,Alvis,Felix,afelixgi@sphinn.com,Male,false,3,1.73,3/11/2023
596,Ronda,Stollenbeck,rstollenbeckgj@state.tx.us,Female,true,7,1.47,2/2/2023
597,Lucita,Limeburn,llimeburngk@people.com.cn,Female,false,12,1.95,2/4/2023
598,Kathleen,Luty,klutygl@nature.com,Female,false,0,1.47,7/6/2022
599,Mechelle,Oyley,moyleygm@gnu.org,Female,true,12,1.03,1/14/2023
600,Alain,Slyford,aslyfordgn@auda.org.au,Male,false,9,1.72,8/6/2022
601,Judy,Skitt,jskittgo@yahoo.com,Agender,true,0,1.97,12/10/2022
602,Lynde,Kerrane,lkerranegp@blogspot.com,Female,true,6,1.38,6/1/2022
603,Dougie,Benedito,dbeneditogq@nymag.com,Agender,false,8,1.59,1/16/2022
604,Maressa,Cominello,mcominellogr@shop-pro.jp,Female,false,0,1.39,7/27/2022
605,Thebault,Paumier,tpaumiergs@sciencedaily.com,Male,true,9,1.29,2/25/2022
606,Catha,Huntly,chuntlygt@squidoo.com,Female,false,13,1.14,8/10/2022
607,Fey,Haskins,fhaskinsgu@weather.com,Female,true,14,1.37,7/15/2022
608,Findlay,Yes,fyesgv@smugmug.com,Male,false,6,1.84,3/18/2023
609,Ruth,Taylo,rtaylogw@jimdo.com,Genderfluid,false,10,1.52,8/14/2022
610,Duane,Martinets,dmartinetsgx@usatoday.com,Male,true,3,1.96,1/10/2023
611,Trey,Sheirlaw,tsheirlawgy@loc.gov,Male,true,9,1.68,6/2/2022
612,Gerhardt,Delue,gdeluegz@yale.edu,Male,false,4,1.1,4/22/2022
613,Ivar,Clack,iclackh0@twitpic.com,Male,true,1,1.1,2/7/2022
614,Tedda,Henrique,thenriqueh1@e-recht24.de,Female,true,2,1.74,1/30/2023
615,Agace,Ortmann,aortmannh2@wisc.edu,Female,true,1,1.1,1/20/2022
616,Jenine,Grzes,jgrzesh3@hatena.ne.jp,Female,true,14,1.31,2/28/2023
617,Chen,Rabson,crabsonh4@dot.gov,Male,false,3,1.68,2/7/2022
618,Aleta,Hartshorn,ahartshornh5@umn.edu,Female,true,5,1.45,1/27/2023
619,Rikki,Mart,rmarth6@seesaa.net,Female,true,9,1.78,9/24/2022
620,Englebert,Cloke,eclokeh7@blinklist.com,Male,false,6,1.83,3/17/2023
621,Lyndsey,Lindeboom,llindeboomh8@dailymotion.com,Genderfluid,false,11,1.59,10/23/2022
622,Candra,Ritchman,critchmanh9@ted.com,Female,false,4,1.29,3/19/2023
623,Hanson,Bloom,hbloomha@chronoengine.com,Male,true,15,1.01,4/19/2022
624,Ernesta,Peaseman,epeasemanhb@topsy.com,Non-binary,false,11,1.94,12/25/2022
625,Hoyt,Hooban,hhoobanhc@freewebs.com,Male,true,12,1.31,8/23/2022
626,Monty,Spurgeon,mspurgeonhd@unblog.fr,Male,false,8,1.03,1/6/2022
627,Elwin,Regan,ereganhe@nps.gov,Male,false,5,1.16,5/20/2022
628,Garner,Dumbarton,gdumbartonhf@loc.gov,Male,false,2,1.39,2/27/2022
629,Donielle,Digginson,ddigginsonhg@psu.edu,Female,false,6,1.86,5/9/2022
630,Aili,Wakefield,awakefieldhh@weather.com,Female,true,4,1.8,8/24/2022
631,Debor,Clemanceau,dclemanceauhi@pbs.org,Female,true,15,1.12,11/13/2022
632,Peggi,Kenforth,pkenforthhj@soup.io,Female,true,15,1.45,4/28/2022
633,Eamon,Littlechild,elittlechildhk@scientificamerican.com,Male,true,10,1.08,10/12/2022
634,Jeromy,Emson,jemsonhl@wikimedia.org,Male,true,10,1.4,1/13/2022
635,Jamima,Haswall,jhaswallhm@cam.ac.uk,Female,false,8,1.04,1/28/2022
636,Bobbee,Revie,breviehn@cdc.gov,Female,false,11,1.06,3/20/2023
637,Ardith,Kristoffersson,akristofferssonho@goo.ne.jp,Agender,false,2,1.67,10/20/2022
638,Corbet,Gillivrie,cgillivriehp@skype.com,Male,false,6,1.81,1/18/2022
639,Sheridan,Beushaw,sbeushawhq@reuters.com,Male,true,11,1.79,8/22/2022
640,Konstantine,Sobtka,ksobtkahr@soundcloud.com,Male,false,6,1.01,11/10/2022
641,Dougie,Limpenny,dlimpennyhs@cornell.edu,Polygender,true,2,1.89,1/13/2023
642,Lexis,Kenion,lkenionht@google.nl,Female,true,7,1.84,7/17/2022
643,Miguela,Romera,mromerahu@wordpress.com,Female,true,11,1.47,3/5/2022
644,Nancee,Habbes,nhabbeshv@umn.edu,Non-binary,false,1,1.84,5/14/2022
645,Dorey,Gebhard,dgebhardhw@cloudflare.com,Agender,false,1,1.12,8/19/2022
646,Wilmer,Upfold,wupfoldhx@yelp.com,Male,false,12,1.67,12/22/2022
647,Emlyn,Mityashin,emityashinhy@reference.com,Female,false,5,1.74,8/5/2022
648,Rutter,Andrat,randrathz@pinterest.com,Male,false,3,1.68,7/6/2022
649,Daphne,Chalder,dchalderi0@slashdot.org,Female,false,6,1.01,3/3/2022
650,Aurea,Burhill,aburhilli1@multiply.com,Female,false,13,1.45,9/16/2022
651,Marquita,Klimko,mklimkoi2@google.pl,Female,false,9,1.44,5/19/2022
652,Britta,Blanchet,bblancheti3@sina.com.cn,Female,false,13,1.49,6/2/2022
653,Nickolaus,Creighton,ncreightoni4@yale.edu,Male,true,15,1.67,1/29/2023
654,Carine,Soltan,csoltani5@studiopress.com,Female,true,5,1.09,10/7/2022
655,Willdon,Coulsen,wcoulseni6@php.net,Male,false,10,1.54,2/14/2022
656,Kaleb,Stidever,kstideveri7@quantcast.com,Male,true,5,1.01,10/24/2022
657,Fina,Barensky,fbarenskyi8@godaddy.com,Female,true,6,1.28,11/13/2022
658,Hector,Gormally,hgormallyi9@bbb.org,Male,false,11,1.98,8/6/2022
659,Nikolos,Stive,nstiveia@sitemeter.com,Male,false,9,1.87,4/3/2022
660,Allis,Iwanowski,aiwanowskiib@xrea.com,Female,true,6,1.17,9/27/2022
661,Godfree,Delves,gdelvesic@vk.com,Male,true,1,1.4,2/8/2022
662,Glenden,Cossum,gcossumid@addthis.com,Male,false,8,1.18,1/11/2022
663,Hailey,Krysztofiak,hkrysztofiakie@globo.com,Male,true,9,1.25,5/25/2022
664,Jacintha,Reoch,jreochif@hubpages.com,Female,false,5,1.81,7/29/2022
665,Rosalynd,Heijnen,rheijnenig@wired.com,Female,false,11,1.71,3/29/2022
666,Cherice,Conen,cconenih@huffingtonpost.com,Female,false,9,1.73,8/16/2022
667,Paquito,Nertney,pnertneyii@ed.gov,Male,true,14,1.34,1/28/2023
668,Ysabel,Woodgate,ywoodgateij@i2i.jp,Female,true,6,1.65,9/17/2022
669,Josey,Castiello,jcastielloik@bing.com,Female,false,2,1.29,6/8/2022
670,Akim,Fieldgate,afieldgateil@irs.gov,Male,false,1,1.4,2/3/2023
671,Leicester,Nutman,lnutmanim@princeton.edu,Male,true,0,1.47,4/20/2022
672,Alina,Yurkin,ayurkinin@artisteer.com,Female,false,0,1.23,7/29/2022
673,Demetre,Marini,dmariniio@kickstarter.com,Male,true,0,1.86,10/5/2022
674,Orion,Esterbrook,oesterbrookip@bravesites.com,Male,true,12,1.08,12/19/2022
675,Armand,Demead,ademeadiq@nationalgeographic.com,Male,false,13,1.18,8/5/2022
676,Kassey,Chatell,kchatellir@yahoo.com,Agender,true,8,1.01,2/7/2022
677,Cordey,McDonell,cmcdonellis@mlb.com,Female,true,3,1.14,6/13/2022
678,Phineas,Chicchetto,pchicchettoit@webs.com,Male,false,11,1.79,1/4/2023
679,Keriann,Loveridge,kloveridgeiu@liveinternet.ru,Female,false,12,1.21,7/27/2022
680,Morissa,Harbach,mharbachiv@ihg.com,Female,true,11,1.74,3/17/2023
681,Beilul,Cottel,bcotteliw@reference.com,Female,true,2,1.47,11/7/2022
682,Ivie,Kyne,ikyneix@indiegogo.com,Female,true,7,1.42,9/30/2022
683,Sutherland,Feragh,sferaghiy@bbb.org,Male,false,1,1.77,6/10/2022
684,Pearl,Mohammad,pmohammadiz@thetimes.co.uk,Female,false,3,1.07,12/7/2022
685,Sigismond,Gregoretti,sgregorettij0@gov.uk,Genderqueer,true,10,1.72,5/1/2022
686,Helli,Pursehouse,hpursehousej1@edublogs.org,Female,false,13,1.19,6/15/2022
687,Tamra,Iacovucci,tiacovuccij2@prnewswire.com,Female,false,10,1.52,9/20/2022
688,Cynde,Garey,cgareyj3@icq.com,Female,true,10,1.54,1/12/2023
689,Myrtie,Worrill,mworrillj4@desdev.cn,Female,true,0,1.4,6/13/2022
690,Ailey,Quenby,aquenbyj5@scientificamerican.com,Female,true,1,1.87,6/23/2022
691,Star,Doe,sdoej6@phpbb.com,Female,true,12,1.84,3/14/2022
692,Harwilll,Schoolcroft,hschoolcroftj7@t.co,Male,true,12,1.39,11/23/2022
693,Berkly,Kik,bkikj8@skype.com,Male,true,1,1.47,7/4/2022
694,Dew,Gow,dgowj9@list-manage.com,Male,true,15,1.34,2/19/2022
695,Beverlie,Buckett,bbuckettja@un.org,Bigender,false,1,1.45,3/15/2022
696,Kaylee,Outibridge,koutibridgejb@smh.com.au,Female,false,0,1.63,10/19/2022
697,Terese,Curee,tcureejc@rambler.ru,Female,true,6,1.78,2/7/2023
698,Filmer,Gaven,fgavenjd@altervista.org,Agender,false,14,1.24,3/20/2023
699,Hersh,Gaukroger,hgaukrogerje@oaic.gov.au,Male,false,0,1.05,12/14/2022
700,Chas,Boothman,cboothmanjf@engadget.com,Bigender,true,1,1.76,8/9/2022
701,Wittie,Bushill,wbushilljg@usa.gov,Male,true,8,1.07,1/1/2023
702,Lissie,Pobjoy,lpobjoyjh@deviantart.com,Female,false,11,1.36,6/14/2022
703,Eduino,Leahy,eleahyji@smh.com.au,Male,false,8,2.0,4/17/2022
704,Andie,Fishburn,afishburnjj@china.com.cn,Genderfluid,false,4,1.62,6/16/2022
705,Martha,Telega,mtelegajk@zdnet.com,Female,true,9,1.74,10/18/2022
706,Ginny,Siseland,gsiselandjl@cbslocal.com,Female,true,3,2.0,2/10/2023
707,Jabez,Thirsk,jthirskjm@craigslist.org,Male,true,1,1.06,3/15/2022
708,Heda,Jeger,hjegerjn@flavors.me,Female,false,14,1.83,1/8/2023
709,Vasily,Avramovsky,vavramovskyjo@plala.or.jp,Male,true,3,1.17,8/8/2022
710,Jeanne,Jobbings,jjobbingsjp@google.com,Female,false,15,2.0,1/16/2022
711,Perrine,Cathrae,pcathraejq@tripod.com,Female,true,7,1.73,1/26/2023
712,Shem,Davenhill,sdavenhilljr@ox.ac.uk,Male,false,11,1.81,6/7/2022
713,Raimondo,Luxton,rluxtonjs@google.pl,Male,true,0,1.49,10/17/2022
714,Sebastien,Sullens,ssullensjt@dion.ne.jp,Male,true,5,1.09,5/12/2022
715,Serge,Blasiak,sblasiakju@miibeian.gov.cn,Male,true,14,1.26,1/3/2022
716,Marina,Bernardos,mbernardosjv@bluehost.com,Female,false,7,1.79,2/12/2023
717,Brooke,Goodfield,bgoodfieldjw@wunderground.com,Male,true,6,1.36,11/4/2022
718,Deeyn,Feltham,dfelthamjx@toplist.cz,Female,false,7,1.14,4/30/2022
719,Jarret,Leaver,jleaverjy@instagram.com,Male,false,9,1.01,12/1/2022
720,Dael,Alvar,dalvarjz@wix.com,Male,true,0,1.3,11/29/2022
721,Carmel,Rousel,crouselk0@sbwire.com,Female,false,5,1.02,2/23/2022
722,Annie,Chaimson,achaimsonk1@hexun.com,Female,true,15,1.22,10/31/2022
723,Berke,Girauld,bgirauldk2@google.ru,Male,false,12,1.7,2/7/2022
724,Analise,Racher,aracherk3@nifty.com,Genderqueer,true,7,1.29,5/9/2022
725,Mollie,Briskey,mbriskeyk4@topsy.com,Female,true,10,1.78,7/18/2022
726,Panchito,Bigrigg,pbigriggk5@facebook.com,Male,true,11,1.27,8/28/2022
727,Jessica,Duinkerk,jduinkerkk6@bluehost.com,Female,false,8,1.97,3/30/2022
728,Shandie,Fullick,sfullickk7@bloglines.com,Female,true,14,1.54,11/18/2022
729,Rodina,Kelberman,rkelbermank8@telegraph.co.uk,Female,true,4,1.77,4/28/2022
730,Rosene,Calvey,rcalveyk9@smugmug.com,Genderqueer,false,10,1.38,2/9/2023
731,Dorey,Fetherby,dfetherbyka@seattletimes.com,Male,false,7,1.67,10/19/2022
732,Ashleigh,Blowfield,ablowfieldkb@mayoclinic.com,Genderqueer,true,5,1.22,1/31/2022
733,Dale,Callinan,dcallinankc@thetimes.co.uk,Non-binary,true,13,1.48,4/25/2022
734,Emera,Grise,egrisekd@gov.uk,Female,true,3,1.75,9/19/2022
735,Jerri,Sertin,jsertinke@privacy.gov.au,Male,false,15,1.98,4/11/2022
736,Clywd,MacGaughy,cmacgaughykf@nature.com,Polygender,true,4,1.67,3/2/2023
737,Annabal,Conville,aconvillekg@youku.com,Female,true,5,1.07,5/10/2022
738,Dennet,Rodolf,drodolfkh@goo.gl,Male,true,14,1.53,10/26/2022
739,Jonas,Glancey,jglanceyki@pcworld.com,Male,true,14,1.61,6/29/2022
740,Gran,Melton,gmeltonkj@wix.com,Male,true,5,1.42,2/2/2023
741,Rees,Beves,rbeveskk@quantcast.com,Male,false,5,1.27,3/10/2022
742,Elbertine,Gillott,egillottkl@omniture.com,Female,true,5,1.2,8/28/2022
743,Asia,Duncombe,aduncombekm@oaic.gov.au,Female,false,9,1.51,2/25/2023
744,Raimundo,Luckes,rluckeskn@earthlink.net,Male,true,3,1.56,10/18/2022
745,Trenna,Garlee,tgarleeko@amazon.de,Non-binary,true,8,1.32,11/18/2022
746,Genvieve,Gentle,ggentlekp@mapquest.com,Female,true,0,1.12,9/27/2022
747,Tania,Tukesby,ttukesbykq@gravatar.com,Female,false,1,1.77,2/18/2023
748,Luciano,Brimley,lbrimleykr@google.cn,Agender,false,13,1.79,12/10/2022
749,Osbourn,Audrey,oaudreyks@archive.org,Male,false,4,1.96,1/1/2022
750,Paquito,Twiname,ptwinamekt@php.net,Male,true,13,1.64,11/2/2022
751,Lorene,Lettley,llettleyku@360.cn,Female,true,9,1.22,11/12/2022
752,Brandea,Sheriff,bsheriffkv@nps.gov,Female,false,13,1.19,9/22/2022
753,Millie,Gregg,mgreggkw@de.vu,Female,false,10,1.29,9/17/2022
754,Torin,Saltsberger,tsaltsbergerkx@economist.com,Male,false,12,1.56,3/24/2022
755,Esme,Cheshire,echeshireky@yale.edu,Male,false,8,1.02,9/10/2022
756,Bobbee,Capelen,bcapelenkz@cdc.gov,Female,true,8,1.96,7/24/2022
757,Jerrie,Byres,jbyresl0@xrea.com,Bigender,false,9,1.07,11/26/2022
758,Madlen,Giller,mgillerl1@salon.com,Female,true,8,1.13,2/16/2023
759,Lurleen,Thornton-Dewhirst,lthorntondewhirstl2@deviantart.com,Female,true,15,1.48,3/10/2023
760,Tiffy,McIlharga,tmcilhargal3@cbc.ca,Female,true,10,1.65,3/13/2023
761,Jamesy,Bickley,jbickleyl4@domainmarket.com,Male,true,5,1.54,1/6/2022
762,Thomas,Bircher,tbircherl5@time.com,Male,false,15,1.9,7/23/2022
763,Berky,Pischoff,bpischoffl6@google.co.jp,Male,false,14,1.43,7/11/2022
764,Alonzo,Romanini,aromaninil7@ucsd.edu,Male,false,13,1.38,7/2/2022
765,Cybill,Paragreen,cparagreenl8@shareasale.com,Female,true,15,1.39,9/24/2022
766,Caddric,Pristnor,cpristnorl9@disqus.com,Male,true,14,1.68,7/28/2022
767,Alisander,Gayler,agaylerla@youtube.com,Male,false,9,1.76,3/20/2023
768,Chadd,Darter,cdarterlb@theatlantic.com,Bigender,false,11,1.28,3/4/2023
769,Perry,McVrone,pmcvronelc@java.com,Female,true,6,1.57,3/19/2022
770,Laura,Woodfin,lwoodfinld@booking.com,Female,true,4,1.52,1/1/2022
771,Alain,Darnody,adarnodyle@latimes.com,Male,true,7,1.78,11/12/2022
772,Carolina,Siddon,csiddonlf@vkontakte.ru,Female,false,0,1.76,7/22/2022
773,Elspeth,Navan,enavanlg@diigo.com,Genderqueer,false,11,1.73,9/22/2022
774,Saundra,Chooter,schooterlh@simplemachines.org,Female,false,7,1.31,1/27/2023
775,Dana,Mulvenna,dmulvennali@storify.com,Male,false,5,1.75,9/26/2022
776,Cortney,Edinboro,cedinborolj@nbcnews.com,Female,false,10,1.69,9/2/2022
777,Maude,Skea,mskealk@youtube.com,Female,true,8,1.55,12/22/2022
778,Elvina,Reskelly,ereskellyll@hugedomains.com,Female,true,12,1.54,9/4/2022
779,Darn,Ubsdell,dubsdelllm@apple.com,Male,false,4,1.3,3/9/2022
780,Henri,Calken,hcalkenln@angelfire.com,Genderqueer,true,11,1.48,3/7/2023
781,Farlay,McArte,fmcartelo@nifty.com,Male,true,6,1.06,12/30/2022
782,Melania,Kitcatt,mkitcattlp@tripadvisor.com,Bigender,false,11,1.1,10/27/2022
783,Joelly,Czajkowski,jczajkowskilq@rakuten.co.jp,Female,false,8,1.82,12/3/2022
784,Hestia,Bogue,hboguelr@wisc.edu,Female,false,0,1.11,1/29/2022
785,Angelico,Moncrefe,amoncrefels@nbcnews.com,Male,false,12,1.44,12/18/2022
786,Germain,Mark,gmarklt@nhs.uk,Female,true,3,1.93,12/9/2022
787,Dorisa,Laybourn,dlaybournlu@cam.ac.uk,Female,false,15,1.42,10/19/2022
788,Rolland,Blackhall,rblackhalllv@yellowpages.com,Male,false,4,1.85,1/3/2023
789,Corny,De Meis,cdemeislw@cbc.ca,Female,false,3,1.51,2/20/2022
790,Austin,Schurcke,aschurckelx@nyu.edu,Male,true,1,1.0,12/10/2022
791,Dunstan,Bencher,dbencherly@smh.com.au,Male,false,3,1.52,7/5/2022
792,Barbette,Lownds,blowndslz@about.me,Agender,false,6,1.04,1/13/2023
793,Sydelle,Dacey,sdaceym0@nasa.gov,Female,false,8,1.67,5/4/2022
794,Essy,Veillard,eveillardm1@whitehouse.gov,Female,false,13,1.94,10/8/2022
795,Aurie,Tasch,ataschm2@economist.com,Female,false,8,1.03,6/11/2022
796,Dukey,Petkens,dpetkensm3@posterous.com,Male,false,11,1.21,5/11/2022
797,Cristobal,Medforth,cmedforthm4@sina.com.cn,Male,false,3,1.72,7/28/2022
798,Tedi,Theis,ttheism5@hatena.ne.jp,Female,false,8,1.3,11/12/2022
799,Gabriella,Aylesbury,gaylesburym6@berkeley.edu,Non-binary,false,12,1.79,3/21/2023
800,Esther,Walkley,ewalkleym7@wsj.com,Female,false,14,1.19,4/20/2022
801,Flora,Eicheler,feichelerm8@buzzfeed.com,Female,true,8,1.03,12/9/2022
802,Beauregard,Kern,bkernm9@google.com.hk,Male,false,14,1.55,3/24/2022
803,Correy,McVanamy,cmcvanamyma@paypal.com,Genderfluid,false,0,1.14,3/5/2023
804,Hyacinth,Chellam,hchellammb@seattletimes.com,Female,true,5,1.21,8/15/2022
805,Yolanda,Partleton,ypartletonmc@xing.com,Female,false,8,1.28,3/27/2023
806,Bobbette,Lightbody,blightbodymd@1und1.de,Female,false,6,1.66,5/18/2022
807,Jarad,Neary,jnearyme@ask.com,Male,false,9,1.28,5/3/2022
808,Sibyl,Hardingham,shardinghammf@accuweather.com,Male,false,6,2.0,6/23/2022
809,Renaldo,Maevela,rmaevelamg@hud.gov,Male,false,9,1.22,8/23/2022
810,Emmaline,Middleweek,emiddleweekmh@uol.com.br,Female,false,14,1.51,6/28/2022
811,Demetrius,Lanceley,dlanceleymi@rakuten.co.jp,Male,true,5,1.09,12/8/2022
812,Keelia,Austwick,kaustwickmj@yellowpages.com,Female,true,11,1.34,1/24/2023
813,Kristofor,Matusevich,kmatusevichmk@sitemeter.com,Male,false,14,1.88,8/16/2022
814,Bing,Ludlamme,bludlammeml@mayoclinic.com,Male,true,2,1.08,3/4/2022
815,Roland,Damant,rdamantmm@shinystat.com,Male,false,5,1.01,6/13/2022
816,Klara,Cruddace,kcruddacemn@cloudflare.com,Non-binary,false,1,1.68,3/5/2022
817,Shaine,Cunniffe,scunniffemo@unesco.org,Male,false,0,1.62,11/13/2022
818,Dorie,Hayhow,dhayhowmp@epa.gov,Male,false,9,1.56,10/18/2022
819,Celisse,Whanstall,cwhanstallmq@goodreads.com,Female,false,1,1.73,6/2/2022
820,Rees,Shemmans,rshemmansmr@oracle.com,Male,false,10,1.8,8/4/2022
821,Marie-jeanne,Stanman,mstanmanms@cmu.edu,Female,false,11,1.93,8/16/2022
822,Brittaney,Storkes,bstorkesmt@woothemes.com,Genderqueer,false,10,1.21,3/4/2022
823,Foss,Grimsey,fgrimseymu@examiner.com,Male,true,15,1.22,7/21/2022
824,Nell,Blything,nblythingmv@mac.com,Female,false,14,1.42,3/29/2023
825,Ky,Perrelle,kperrellemw@phoca.cz,Male,false,7,1.12,11/28/2022
826,Tybie,Storry,tstorrymx@china.com.cn,Genderfluid,false,15,1.39,7/11/2022
827,Linea,Longo,llongomy@webnode.com,Female,true,5,1.68,3/5/2022
828,Culley,Anglish,canglishmz@amazon.de,Male,true,10,1.12,9/2/2022
829,Barty,Attkins,battkinsn0@reddit.com,Male,false,13,1.56,3/16/2023
830,Floyd,Ausello,fausellon1@wunderground.com,Male,false,13,1.4,3/21/2023
831,Erda,Coche,ecochen2@google.pl,Female,false,1,1.15,1/19/2023
832,Agace,Guite,aguiten3@wiley.com,Female,false,14,1.21,2/21/2022
833,Randa,Langlands,rlanglandsn4@yelp.com,Female,true,13,1.07,3/10/2022
834,Karita,Dunhill,kdunhilln5@yahoo.co.jp,Female,false,13,1.03,1/30/2023
835,Wilona,Ranken,wrankenn6@hhs.gov,Bigender,false,12,1.97,10/23/2022
836,Nels,Livens,nlivensn7@ow.ly,Male,false,11,1.42,1/20/2022
837,Andree,Garrod,agarrodn8@army.mil,Female,false,14,1.87,6/18/2022
838,Eziechiele,Righy,erighyn9@google.it,Genderqueer,true,15,1.71,3/26/2022
839,Nerti,Cantwell,ncantwellna@ft.com,Female,false,4,1.95,11/13/2022
840,Demetri,Doers,ddoersnb@cocolog-nifty.com,Male,true,1,1.65,11/30/2022
841,Lucais,Clewes,lclewesnc@prlog.org,Male,false,14,1.64,3/21/2023
842,Wilton,Shawyers,wshawyersnd@smugmug.com,Male,true,6,1.69,1/21/2023
843,Cosimo,Leal,clealne@yandex.ru,Male,true,1,1.83,3/13/2022
844,Myrtie,Hannabus,mhannabusnf@feedburner.com,Female,true,8,1.1,1/16/2022
845,Winslow,Dowderswell,wdowderswellng@java.com,Male,false,7,1.48,6/20/2022
846,Karol,Pottberry,kpottberrynh@nature.com,Female,true,5,1.17,6/26/2022
847,Pryce,Gilhouley,pgilhouleyni@huffingtonpost.com,Male,false,13,1.97,4/26/2022
848,Roseline,Mussotti,rmussottinj@multiply.com,Female,false,2,1.25,5/1/2022
849,Maxy,Fanshaw,mfanshawnk@indiatimes.com,Male,false,6,1.79,8/30/2022
850,Niles,Vannucci,nvannuccinl@360.cn,Male,false,15,1.58,6/9/2022
851,Juli,Binder,jbindernm@liveinternet.ru,Female,true,1,1.69,3/1/2023
852,Ogdan,Belford,obelfordnn@weibo.com,Male,true,0,1.5,1/25/2022
853,Jamima,Owens,jowensno@hhs.gov,Female,true,13,1.29,11/19/2022
854,Fredek,Orkney,forkneynp@reverbnation.com,Male,true,9,1.02,9/1/2022
855,Enrika,Ridder,eriddernq@guardian.co.uk,Female,true,4,1.79,2/8/2022
856,Granthem,Rosenberg,grosenbergnr@imdb.com,Male,true,6,1.33,5/3/2022
857,Katharyn,Shiel,kshielns@rambler.ru,Female,false,13,1.1,5/8/2022
858,Charmian,Pead,cpeadnt@furl.net,Female,false,3,1.35,1/14/2023
859,Bernadina,Gibberd,bgibberdnu@gnu.org,Female,false,7,1.57,6/8/2022
860,Maryanna,Maior,mmaiornv@amazon.co.jp,Female,false,11,1.7,1/27/2023
861,Samuele,Metheringham,smetheringhamnw@weebly.com,Male,false,2,1.52,6/1/2022
862,Malcolm,Plaxton,mplaxtonnx@geocities.com,Genderqueer,true,5,1.76,11/8/2022
863,Izabel,Petzolt,ipetzoltny@microsoft.com,Female,true,13,1.28,3/8/2022
864,Dix,Spittles,dspittlesnz@furl.net,Female,true,10,1.08,8/4/2022
865,Nealson,Chadwick,nchadwicko0@disqus.com,Male,false,11,1.48,7/20/2022
866,Humfrey,Igonet,higoneto1@hugedomains.com,Male,false,2,1.1,10/29/2022
867,Mathian,Sebyer,msebyero2@blogspot.com,Male,false,15,1.09,2/18/2022
868,Tripp,Kinnach,tkinnacho3@soundcloud.com,Male,true,3,1.36,9/7/2022
869,Pier,Glenton,pglentono4@homestead.com,Female,false,11,1.65,8/12/2022
870,Brande,Groven,bgroveno5@purevolume.com,Female,false,0,1.25,11/1/2022
871,Carley,Fullard,cfullardo6@prnewswire.com,Female,true,11,1.55,2/22/2023
872,Nev,Wheatman,nwheatmano7@mozilla.org,Male,true,3,1.72,9/1/2022
873,Bruno,D'Ambrogi,bdambrogio8@netlog.com,Male,true,11,1.94,4/17/2022
874,Ardyth,Huddart,ahuddarto9@twitpic.com,Female,false,6,1.47,3/23/2022
875,Charley,Antonoyev,cantonoyevoa@shinystat.com,Male,false,1,1.11,4/2/2022
876,Joel,Landrick,jlandrickob@vistaprint.com,Male,false,14,1.8,2/8/2023
877,Nicol,Coultard,ncoultardoc@rakuten.co.jp,Male,false,13,1.51,6/3/2022
878,Wayne,Nazareth,wnazarethod@bizjournals.com,Male,true,0,1.96,2/2/2022
879,Lara,Pitman,lpitmanoe@cnbc.com,Female,false,7,1.66,10/12/2022
880,Agnese,Sprulls,asprullsof@ed.gov,Genderfluid,true,6,1.4,1/14/2023
881,Kristoforo,Domini,kdominiog@cnbc.com,Male,false,12,1.24,12/3/2022
882,Ringo,McKinley,rmckinleyoh@ameblo.jp,Male,true,8,1.56,2/8/2022
883,Meara,Sherreard,msherreardoi@columbia.edu,Female,false,12,1.66,6/27/2022
884,Giorgi,Penright,gpenrightoj@rediff.com,Male,false,13,1.58,5/24/2022
885,Sidnee,Agostini,sagostiniok@csmonitor.com,Male,true,1,1.55,7/6/2022
886,Dru,Scirman,dscirmanol@geocities.jp,Non-binary,false,9,1.65,1/20/2022
887,Hunfredo,Hoult,hhoultom@time.com,Male,false,12,1.4,1/9/2022
888,Dina,Crowthe,dcrowtheon@deliciousdays.com,Female,false,5,1.35,7/6/2022
889,Sybille,Sutty,ssuttyoo@w3.org,Female,false,5,1.87,10/11/2022
890,Theda,Culshew,tculshewop@themeforest.net,Non-binary,false,11,1.43,9/7/2022
891,Charley,Canape,ccanapeoq@shop-pro.jp,Male,false,1,1.43,1/2/2023
892,Shell,Fishly,sfishlyor@istockphoto.com,Male,true,15,1.59,10/11/2022
893,Rabi,Aldgate,raldgateos@aol.com,Male,false,13,1.58,4/17/2022
894,Wain,Klaff,wklaffot@youtu.be,Male,true,8,1.02,7/16/2022
895,Scott,Ledrane,sledraneou@si.edu,Male,true,7,1.54,2/4/2023
896,Gaspard,Mougel,gmougelov@noaa.gov,Male,true,11,1.31,8/26/2022
897,Risa,Beswell,rbeswellow@seattletimes.com,Female,true,2,1.04,9/27/2022
898,Hammad,Tebbet,htebbetox@weebly.com,Male,false,8,1.61,2/19/2023
899,Randell,Labb,rlabboy@trellian.com,Male,true,5,1.97,2/18/2023
900,Bord,Juggings,bjuggingsoz@cdbaby.com,Male,true,8,1.36,4/7/2022
901,Filmore,Mewburn,fmewburnp0@github.com,Male,true,10,1.3,12/19/2022
902,Emyle,Pratley,epratleyp1@typepad.com,Female,false,12,1.42,3/24/2022
903,Jasmina,Witch,jwitchp2@imageshack.us,Female,false,5,1.71,1/9/2022
904,Ferguson,Morey,fmoreyp3@bizjournals.com,Male,true,11,1.36,2/21/2023
905,Bruno,McGivena,bmcgivenap4@house.gov,Male,false,7,1.6,3/7/2022
906,Urbano,Naisby,unaisbyp5@adobe.com,Male,true,14,1.46,10/21/2022
907,Ignaz,Burstowe,iburstowep6@yellowpages.com,Male,true,4,1.25,3/26/2022
908,Nevil,Dowsey,ndowseyp7@gizmodo.com,Male,true,0,1.37,9/10/2022
909,Kristo,Scough,kscoughp8@twitpic.com,Male,true,10,1.16,5/16/2022
910,Dov,Eastway,deastwayp9@domainmarket.com,Male,true,6,1.49,8/13/2022
911,Nannie,Lawday,nlawdaypa@issuu.com,Female,true,14,1.38,1/15/2022
912,Eleanor,Fearn,efearnpb@hubpages.com,Female,true,15,1.34,2/26/2023
913,Maud,Kielty,mkieltypc@google.de,Female,false,9,1.87,4/15/2022
914,Natalee,Gehring,ngehringpd@i2i.jp,Female,true,6,1.54,1/27/2023
915,Jewell,Harvatt,jharvattpe@g.co,Female,false,6,1.4,8/20/2022
916,Bethena,Filipputti,bfilipputtipf@latimes.com,Female,false,8,1.3,8/28/2022
917,Jacklin,Guterson,jgutersonpg@jalbum.net,Female,true,8,1.3,12/2/2022
918,Dara,Garner,dgarnerph@princeton.edu,Female,true,14,1.16,10/2/2022
919,Tresa,Gloy,tgloypi@webmd.com,Female,true,13,1.86,10/25/2022
920,Adham,Cabral,acabralpj@paypal.com,Male,false,15,1.26,10/18/2022
921,Valry,Garstang,vgarstangpk@blogtalkradio.com,Female,true,2,1.48,2/1/2023
922,Kym,Uppett,kuppettpl@jimdo.com,Genderqueer,true,10,1.51,11/16/2022
923,Fernandina,St. Paul,fstpaulpm@flickr.com,Female,true,6,1.59,11/13/2022
924,Gussy,Ennion,gennionpn@paginegialle.it,Female,false,10,1.31,10/9/2022
925,Alric,O'Cassidy,aocassidypo@whitehouse.gov,Male,false,9,1.88,11/20/2022
926,Gerhard,Evetts,gevettspp@biglobe.ne.jp,Male,false,11,1.45,1/7/2022
927,Del,Curnnok,dcurnnokpq@last.fm,Male,false,14,1.47,2/4/2022
928,Ronni,Cready,rcreadypr@ustream.tv,Female,true,13,1.49,3/30/2022
929,Nanon,Berryann,nberryannps@photobucket.com,Bigender,true,9,1.72,4/10/2022
930,Florenza,Colbridge,fcolbridgept@sfgate.com,Female,false,8,1.43,2/27/2022
931,Marietta,Bloor,mbloorpu@youtube.com,Female,true,14,1.57,8/9/2022
932,Katharyn,Dowthwaite,kdowthwaitepv@reuters.com,Female,false,7,1.65,4/20/2022
933,Garrick,Rabjohns,grabjohnspw@prnewswire.com,Male,true,7,1.71,9/15/2022
934,Cornela,Gyenes,cgyenespx@scientificamerican.com,Female,false,2,1.94,10/11/2022
935,Sigmund,Pappin,spappinpy@t.co,Male,false,0,1.99,12/28/2022
936,Antin,Lant,alantpz@parallels.com,Male,true,2,1.87,2/7/2022
937,Christos,Simeone,csimeoneq0@dailymail.co.uk,Male,true,12,1.4,3/1/2023
938,Raeann,Leeman,rleemanq1@pagesperso-orange.fr,Female,false,12,1.18,1/24/2023
939,Clark,Andrusov,candrusovq2@cmu.edu,Bigender,true,8,1.91,8/6/2022
940,Gus,Chad,gchadq3@wikispaces.com,Male,true,1,1.0,3/7/2022
941,Corty,Shoebotham,cshoebothamq4@1und1.de,Male,false,0,1.92,3/28/2023
942,Harper,Birch,hbirchq5@archive.org,Male,true,12,1.93,8/20/2022
943,Page,McGuff,pmcguffq6@independent.co.uk,Female,false,5,1.35,1/17/2022
944,Rosetta,Cattonnet,rcattonnetq7@example.com,Female,false,15,1.92,12/16/2022
945,Sutherlan,Ledster,sledsterq8@theguardian.com,Male,true,6,1.67,2/15/2023
946,Con,Scapelhorn,cscapelhornq9@webnode.com,Male,true,5,1.61,1/13/2023
947,Malcolm,Samet,msametqa@about.com,Male,true,11,1.13,1/27/2022
948,Shell,Aylin,saylinqb@tumblr.com,Female,true,5,1.2,5/17/2022
949,Miof mela,Kennermann,mkennermannqc@networkadvertising.org,Female,false,14,1.98,11/19/2022
950,Chelsey,Hairsine,chairsineqd@soundcloud.com,Female,true,8,1.4,5/13/2022
951,Briano,Campling,bcamplingqe@homestead.com,Male,true,13,1.41,6/5/2022
952,Carena,Bransgrove,cbransgroveqf@desdev.cn,Female,true,0,1.28,8/14/2022
953,Coletta,Dench,cdenchqg@soundcloud.com,Female,true,8,1.35,11/3/2022
954,Esmeralda,Andreone,eandreoneqh@craigslist.org,Female,false,4,1.76,11/17/2022
955,Nicol,Josselsohn,njosselsohnqi@foxnews.com,Female,true,4,1.98,9/26/2022
956,Wolfgang,Potten,wpottenqj@ehow.com,Non-binary,false,10,1.13,9/7/2022
957,Jasun,Hamley,jhamleyqk@domainmarket.com,Male,true,6,1.25,12/18/2022
958,Jerrie,Gallen,jgallenql@microsoft.com,Polygender,false,2,1.95,2/1/2022
959,Lian,Stangoe,lstangoeqm@smh.com.au,Female,true,10,1.15,8/5/2022
960,Ulrich,Hallwell,uhallwellqn@imageshack.us,Male,true,8,1.75,11/17/2022
961,Ramona,Salvador,rsalvadorqo@imageshack.us,Female,false,15,1.96,11/23/2022
962,Ferdie,Leaton,fleatonqp@psu.edu,Male,true,1,1.16,1/21/2022
963,Alasdair,Skylett,askylettqq@simplemachines.org,Male,true,6,1.54,7/13/2022
964,Vicky,Cowdroy,vcowdroyqr@weibo.com,Female,false,5,1.89,5/1/2022
965,Mirabelle,Gripton,mgriptonqs@bbb.org,Female,true,7,1.81,3/30/2023
966,Buffy,Maides,bmaidesqt@plala.or.jp,Female,true,14,1.08,2/26/2023
967,Charmian,Galero,cgaleroqu@bigcartel.com,Female,true,3,2.0,3/16/2022
968,Emmalyn,Polley,epolleyqv@mashable.com,Female,false,12,1.66,3/21/2023
969,Ginnie,Leys,gleysqw@flickr.com,Female,true,5,2.0,3/10/2022
970,Jania,Rother,jrotherqx@fotki.com,Female,false,14,1.04,2/12/2023
971,Levy,Ghiotto,lghiottoqy@mayoclinic.com,Male,true,5,1.0,10/30/2022
972,Wolfgang,Hanrott,whanrottqz@nytimes.com,Male,false,14,1.95,2/17/2022
973,Georgi,Chastang,gchastangr0@flickr.com,Male,false,0,1.85,9/12/2022
974,Madella,Hincks,mhincksr1@rambler.ru,Female,true,5,1.26,5/7/2022
975,Blanche,Cornock,bcornockr2@wunderground.com,Female,false,1,1.73,10/30/2022
976,Osbert,Bewlie,obewlier3@people.com.cn,Male,false,10,1.79,8/27/2022
977,Glynn,Plomer,gplomerr4@livejournal.com,Male,false,15,1.92,8/25/2022
978,Rowan,Thickin,rthickinr5@cbsnews.com,Male,false,2,1.77,4/27/2022
979,Bess,Macieiczyk,bmacieiczykr6@auda.org.au,Female,true,3,1.1,1/9/2023
980,Jamima,Cheevers,jcheeversr7@forbes.com,Female,false,1,1.47,12/23/2022
981,Mandy,Ranfield,mranfieldr8@vistaprint.com,Female,true,2,1.08,8/29/2022
982,Doralyn,Savins,dsavinsr9@howstuffworks.com,Female,true,12,1.21,3/5/2022
983,Kippie,Shovelbottom,kshovelbottomra@europa.eu,Male,false,5,1.41,2/21/2022
984,Andonis,Brosius,abrosiusrb@tiny.cc,Male,true,5,1.0,3/8/2022
985,Jule,Robken,jrobkenrc@so-net.ne.jp,Male,true,5,1.1,4/28/2022
986,Lacey,Pietraszek,lpietraszekrd@goo.gl,Female,false,9,1.1,3/19/2023
987,Aaron,Whiten,awhitenre@hugedomains.com,Male,true,11,1.32,6/5/2022
988,Skippy,Gypps,sgyppsrf@webs.com,Male,false,2,1.25,8/16/2022
989,Dulsea,Moogan,dmooganrg@independent.co.uk,Female,false,10,1.31,5/20/2022
990,Steven,Dobrowlski,sdobrowlskirh@umn.edu,Male,false,5,1.12,3/25/2022
991,Tommy,Semens,tsemensri@google.com,Agender,false,6,1.59,9/23/2022
992,Osmond,Januszewicz,ojanuszewiczrj@nymag.com,Male,false,1,1.22,3/27/2023
993,Blondy,Cawkill,bcawkillrk@scribd.com,Female,false,0,1.4,6/29/2022
994,Tadeo,Destouche,tdestoucherl@seesaa.net,Male,false,12,1.86,7/15/2022
995,Peadar,Owen,powenrm@npr.org,Male,true,8,1.53,6/27/2022
996,Adams,Culbard,aculbardrn@foxnews.com,Male,true,14,1.76,1/31/2023
997,Marietta,Arents,marentsro@ucoz.com,Male,false,0,1.7,3/31/2023
998,Abrahan,Gouldeby,agouldebyrp@theguardian.com,Male,false,2,1.74,10/23/2022
999,Davine,Goodings,dgoodingsrq@newyorker.com,Bigender,false,1,1.33,2/15/2023
1000,Claudia,Amiable,camiablerr@scribd.com,Female,true,13,1.52,8/11/2022
